,title,link
0,中共武汉地方组织与1921年汉口人力车夫大罢工,http://mp.weixin.qq.com/s?__biz=MzkyNTM5NDE5MA==&mid=2247488919&idx=1&sn=cc15d73e0e2137e1abfc4251e7f93019&chksm=c1c661f6f6b1e8e06570dc4f68e4eed88c0518d235da90b9009ee66862eaf46a88f1bc64f6ad#rd
1,生产自动化与商品经济的未来——兼论劳动价值论的历史使命,http://mp.weixin.qq.com/s?__biz=MzkyNTM5NDE5MA==&mid=2247488918&idx=1&sn=9db32662f0375c715df8d4b0447ea3a1&chksm=c1c661f7f6b1e8e1fecddb3da923f2c6dad964f26573589e34850bf384b5407d5cdc173f97ee#rd
2,货币化融资的财政刺激效果研究——兼论财政政策与货币政策的协调,http://mp.weixin.qq.com/s?__biz=MzkyNTM5NDE5MA==&mid=2247488917&idx=1&sn=419d95cc17e9b7b3a5279fd9f8f6e206&chksm=c1c661f4f6b1e8e28b0574590b23e37e92454983449b24780ae4a00eaa8ddebef9843b6f5876#rd
3,中国现代化进程中犯罪类型的波动特征及其原因,http://mp.weixin.qq.com/s?__biz=MzkyNTM5NDE5MA==&mid=2247488891&idx=1&sn=b35ae01886b5c96f1deff595f651f4ed&chksm=c1c6611af6b1e80c89d267b74b2448634eb94502a0f815c17ae7548f538e9bcd91e0389aea66#rd
4,中国共享汽车的社会可持续性与环境可持续性研究,http://mp.weixin.qq.com/s?__biz=MzkyNTM5NDE5MA==&mid=2247488890&idx=1&sn=ba59f5847306aa9a4a6854166b05a50f&chksm=c1c6611bf6b1e80db020916c421b0194badab5fe8b861900baa5ec0919c2296d767cec6ec01a#rd
5,《广东社会科学》“深入学习贯彻党的二十大精神”专栏征稿启事,http://mp.weixin.qq.com/s?__biz=MzkyNTM5NDE5MA==&mid=2247488889&idx=1&sn=335485db4c200862841e6a1e1c6b6901&chksm=c1c66118f6b1e80e95b074a241244d41cfdb1757f09cf8e5832f83d0b34da0ead2a71a696716#rd
6,延安整风怎样锻造了中国共产党？,http://mp.weixin.qq.com/s?__biz=MzkyNTM5NDE5MA==&mid=2247488843&idx=1&sn=f1d3e73a3c3df2a3d4192c2a1b1e68d0&chksm=c1c6612af6b1e83c12b066d4dc5e33d14c2e36615d4dfdafe81d532316447552f5f2368fe7f5#rd
7,新文学伦理叙事的三个维度及相互关系,http://mp.weixin.qq.com/s?__biz=MzkyNTM5NDE5MA==&mid=2247488842&idx=1&sn=979d1bb1e61224a4c403c01516cd6442&chksm=c1c6612bf6b1e83d6965db6593416ce98743cd4e6107be85388bbe1b3378a7f7567b836d032b#rd
8,防范与限制：威尔逊政府对华政策中的革命党人认识及策略（1913—1917）,http://mp.weixin.qq.com/s?__biz=MzkyNTM5NDE5MA==&mid=2247488807&idx=1&sn=d57214f7e02a4a532d9c1b768dd4058c&chksm=c1c66146f6b1e85013daca519e71f041184cc05247163d0a98bef42e844fe690e960ed20d34c#rd
9,当代西方左翼对资本主义数字劳动的批判性考察,http://mp.weixin.qq.com/s?__biz=MzkyNTM5NDE5MA==&mid=2247488792&idx=1&sn=9458e3a0cb066a776021f28bfdc705d7&chksm=c1c66179f6b1e86f9dab533dbde143cdca4a1ffd6d03b0405c64f7b722a3546ee39290301dec#rd
10,宏观调控跨周期设计的机理、特征与实施方式,http://mp.weixin.qq.com/s?__biz=MzkyNTM5NDE5MA==&mid=2247488789&idx=1&sn=37a18cd8cd6c0dd4feff14c4f082d0bd&chksm=c1c66174f6b1e86264f86102cf1488cc2695ba1386108e45324d0dcd368e9c6f9d92b6b7f70f#rd
11,《广东社会科学》2022年第5期目录与摘要,http://mp.weixin.qq.com/s?__biz=MzkyNTM5NDE5MA==&mid=2247488788&idx=1&sn=ab7077064c26464f55e3c59700c7cdd1&chksm=c1c66175f6b1e8637a09df5f70ee145131ba218da11d019802f4d69792fdb18f9e966d26b12b#rd
12,社会组织与地方社会的再生产：以一个行业协会为例,http://mp.weixin.qq.com/s?__biz=MzkyNTM5NDE5MA==&mid=2247488716&idx=1&sn=e22c56c35984ba9c07a88e8a9113a00b&chksm=c1c660adf6b1e9bbe08694bba44a38d25df8a40580ff038db8db4ddeb7b296df9d429c721874#rd
13,清律名例律与六律关系再探析,http://mp.weixin.qq.com/s?__biz=MzkyNTM5NDE5MA==&mid=2247488715&idx=1&sn=23c41b834fe9a614bb6758cfa37f3f81&chksm=c1c660aaf6b1e9bc3860845cb7e486ce75a1321e3e3aa4e24e9d3afda1a4e577e8b42ac38f93#rd
14,曾巩文学接受史研究,http://mp.weixin.qq.com/s?__biz=MzkyNTM5NDE5MA==&mid=2247488714&idx=1&sn=02ca051a92404fa6703796d798c1a766&chksm=c1c660abf6b1e9bdc152ba9c1cb5c7dd46f40562c8bc266ea61db370574990b77b722ab8a90b#rd
15,时间与战争：中共武装行军问题研究（1927—1945）,http://mp.weixin.qq.com/s?__biz=MzkyNTM5NDE5MA==&mid=2247488713&idx=1&sn=ea4bbb5b6111d8ed56dac71d85f43d4c&chksm=c1c660a8f6b1e9bedb4c133e2622d57db89b63eb06c235c1eeaf07855510b2ddb12f07d62924#rd
16,中华传统爱国主义的伦理特质及现代转换——基于现代个体与国家伦理关系中“个体化”的审思,http://mp.weixin.qq.com/s?__biz=MzkyNTM5NDE5MA==&mid=2247488712&idx=1&sn=9abf01803fe2f0881ca26a6ee62bcfd1&chksm=c1c660a9f6b1e9bffc00bf336b91a17d8af34237f364c53397dcca77ab45d27f314bc408c83e#rd
17,粤港澳大湾区多极网络空间发展格局研究,http://mp.weixin.qq.com/s?__biz=MzkyNTM5NDE5MA==&mid=2247488711&idx=1&sn=45735682a92220ce727fa4c083ca40be&chksm=c1c660a6f6b1e9b0c5f98d88f8d9bfe02de3323d2a49942b40e65fa49918228433e7909dadf2#rd
18,秦朝法律思想形态的构建与瓦解——“儒法竞合”的意识形态话语解释,http://mp.weixin.qq.com/s?__biz=MzkyNTM5NDE5MA==&mid=2247488682&idx=1&sn=21fbb6e8eed45bb3d08fee3e90eeee4a&chksm=c1c660cbf6b1e9dd7467a374107521324e32d6b1e85af18f68f703dbaa7a144ae2887902d126#rd
19,社会不平等中的“组织”因素：当代中国组织分层研究的特征与挑战,http://mp.weixin.qq.com/s?__biz=MzkyNTM5NDE5MA==&mid=2247488681&idx=1&sn=15ce2cf2c720aa10deb3f49738bbb0e1&chksm=c1c660c8f6b1e9de236df9ec2dd667c2bcc5bebec7f278b5cf507299d4d1ca18f350bbda61d7#rd
20,中国近现代教育中的“白话文运动”及意义,http://mp.weixin.qq.com/s?__biz=MzkyNTM5NDE5MA==&mid=2247488680&idx=1&sn=478d5581fe98a4a94c7b727e8dd5e448&chksm=c1c660c9f6b1e9df8b4783df308812132cd57e0f1265263ea4fe31819e06ca6c216a1c78fbfd#rd
21,主旋律与弱平衡：多重视角下的抗战时期晋察冀边区戏剧,http://mp.weixin.qq.com/s?__biz=MzkyNTM5NDE5MA==&mid=2247488679&idx=1&sn=2b375112e637cc330365a05e354b20f9&chksm=c1c660c6f6b1e9d0ed093774f5a3a5020be1eade454097f7098a8510c31ca5debe084cc030dc#rd
22,亚马留政府时期澳葡财政的若干问题,http://mp.weixin.qq.com/s?__biz=MzkyNTM5NDE5MA==&mid=2247488678&idx=1&sn=d60b02a4856084e9f37b3630712248de&chksm=c1c660c7f6b1e9d10e695ef0319b388de2688ca9171f39de997e4fae343fb93670b85761b044#rd
23,重估常州学派的思想谱系及其经学文明观,http://mp.weixin.qq.com/s?__biz=MzkyNTM5NDE5MA==&mid=2247488677&idx=1&sn=88a178ce972a9c7e760350705c81fbf7&chksm=c1c660c4f6b1e9d29567b9de7fe775634f72c862d40674f9b158edf02d6866410d0ff75d2bb6#rd
24,关于粉丝迁移至本公众号的说明,http://mp.weixin.qq.com/s?__biz=MzkyNTM5NDE5MA==&mid=2247488525&idx=1&sn=60f06ef849c18dac4c5215f27cc07186&chksm=c1c6606cf6b1e97a9f568e17e2ba598f48251aafe9718b4d5c3eb70097161d2c04b54b2a4ce0#rd
25,“双循环”新发展格局下粤港澳大湾区高质量发展的战略构想,http://mp.weixin.qq.com/s?__biz=MzkyNTM5NDE5MA==&mid=2247488524&idx=1&sn=46729698de0a1c33908117834b9be15d&chksm=c1c6606df6b1e97b5e73f5ab1336ed5895d7a88a9efed905a8125e8507941a03146c5884a760#rd
26,《广东社会科学》2022年第4期目录与摘要,http://mp.weixin.qq.com/s?__biz=MzkyNTM5NDE5MA==&mid=2247488523&idx=1&sn=2d98dcef57699eb47c37bac93dbfa724&chksm=c1c6606af6b1e97c5f0ef1933f00f1fe430135e5d0e0d0edcdf282e87d8754ad2d72e999346a#rd
27,“00后”农民工的主体性建构——对一位“00后”外来务工者的个案研究,http://mp.weixin.qq.com/s?__biz=MzkyNTM5NDE5MA==&mid=2247488522&idx=1&sn=b410a609591d0e52f244827d598a4e92&chksm=c1c6606bf6b1e97d3df7bd3caca5bff3a4fa0c42148a9d4f196d820569eaae95bceb03fb71bd#rd
28,从区委到省委：中共地方一级组织体系演变考论（1921—1927）,http://mp.weixin.qq.com/s?__biz=MzkyNTM5NDE5MA==&mid=2247488521&idx=1&sn=30684ea96452f456bfee6c1b1c2e4cc0&chksm=c1c66068f6b1e97ee2c06d43a679e942cee430065b9eb20ab20f76759fdaf08d55106a934b5b#rd
29,知识产权惩罚性赔偿的数额量定,http://mp.weixin.qq.com/s?__biz=MzkyNTM5NDE5MA==&mid=2247488520&idx=1&sn=57fa565dd2448d89fbb785461b816a89&chksm=c1c66069f6b1e97f3857c9ced261be0be9760925406f6475d62e8d02ad40d0ed200df16d6912#rd
30,学术流动的时间维度：境外中国学者的流动策略、轨迹与体验研究,http://mp.weixin.qq.com/s?__biz=MzkyNTM5NDE5MA==&mid=2247488519&idx=1&sn=beac835c8633615cf3d12d64f0b77edf&chksm=c1c66066f6b1e97092e79478424e8638a3342e3e492b2f12827f4f7e7e41eed4ff01705e268a#rd
31,“空间转向”之后的欧美女性文学批评,http://mp.weixin.qq.com/s?__biz=MzkyNTM5NDE5MA==&mid=2247488518&idx=1&sn=b38e2c59ffc8b9cba61d798533d53432&chksm=c1c66067f6b1e9710f87bdc48ec0717ccb5109bf5845b633d93c777ce5867c1ea375b19793e5#rd
32,1920年代中共话语中“大地主”的概念使用与指向变迁,http://mp.weixin.qq.com/s?__biz=MzkyNTM5NDE5MA==&mid=2247488517&idx=1&sn=c5c76a97eb59e17510230e58c410b9b5&chksm=c1c66064f6b1e972993330395be34476a5b7f9f9c6e0b3318e9cf018d52b64e002494cb59ee6#rd
33,人工智能时代的时间概念,http://mp.weixin.qq.com/s?__biz=MzkyNTM5NDE5MA==&mid=2247488516&idx=1&sn=143600ec19a5a9a612ad3843e446b5c6&chksm=c1c66065f6b1e97393ee910abfba85e181f64edae3055921eeab5c8f3cdbf5a3374d920ef045#rd
34,贸易开放、环境污染与公共健康——基于中国加入WTO的准自然实验,http://mp.weixin.qq.com/s?__biz=MzkyNTM5NDE5MA==&mid=2247488515&idx=1&sn=a1a0933e6307f767867551418ba40df4&chksm=c1c66062f6b1e974a7dbab4dab37727ef0c730f1d88d10c8c8cc6876283a5bb57debad7bc6fa#rd
35,论私密信息隐私权保护优先规则的困局与破解——以《民法典》第1034条第3款为中心,http://mp.weixin.qq.com/s?__biz=MzkyNTM5NDE5MA==&mid=2247488514&idx=1&sn=f8a88b351ff3cfd3bfb9cde8caf394e7&chksm=c1c66063f6b1e97569251da96ff8dc5deb4540c80bd3e4ac148eb4a66a88d0dffa874289e8a4#rd
36,论想象——一种社会学的概念化,http://mp.weixin.qq.com/s?__biz=MzkyNTM5NDE5MA==&mid=2247488513&idx=1&sn=70d270de17e6dbf8f8c3edb68d9a3553&chksm=c1c66060f6b1e9769fff006be58447378af40acff1996faf4d5537577598ab720207031afa20#rd
37,历史观相左、审美观相济与日本学的中国立场,http://mp.weixin.qq.com/s?__biz=MzkyNTM5NDE5MA==&mid=2247488512&idx=1&sn=e764c82e4c3850fca647b50e6d01234a&chksm=c1c66061f6b1e97778cd252ab876cbcd03c863817e2c1d54684a5bc272bbcd55bcd2c52420c6#rd
38,“独起承当忠孝事”：晚清知县密昌墀的奏对手记,http://mp.weixin.qq.com/s?__biz=MzkyNTM5NDE5MA==&mid=2247488511&idx=1&sn=0a6201534461ea211eb6e3aa5803b0f5&chksm=c1c6679ef6b1ee88b239970e235c38d58072932fc68462c157cadb2b7a694ce127ced78fc8ee#rd
39,“政治犯不予引渡”规则与孙中山伦敦蒙难事件的第三种解释,http://mp.weixin.qq.com/s?__biz=MzkyNTM5NDE5MA==&mid=2247488510&idx=1&sn=06b65bc2681806649b9e652edefafd86&chksm=c1c6679ff6b1ee89126b09862aefc1f9c97be100de62891a837eb31d9581c6442dfac7ae3374#rd
40,定义“文化”的立场与关怀——围绕艾略特文化定义的语言争夺和意义斗争,http://mp.weixin.qq.com/s?__biz=MzkyNTM5NDE5MA==&mid=2247488509&idx=1&sn=b1892b82d41b5c4ca2a0be390513ba01&chksm=c1c6679cf6b1ee8aa1f078b9d678c84e4344aebb5ef294629e53fa75ac5cf04274f8006e6bcc#rd
41,中欧班列开通能否助推企业全要素生产率提高？——基于我国制造业上市公司数据的准自然实验,http://mp.weixin.qq.com/s?__biz=MzkyNTM5NDE5MA==&mid=2247488507&idx=1&sn=3dfbc3bbb37b163c2858c012540db6a3&chksm=c1c6679af6b1ee8c787bff0a67241d988cddc95ef2a80fdbe3c6c2c7f77ab21e50ebf97dc2f5#rd
42,《广东社会科学》2022年第3期目录与摘要,http://mp.weixin.qq.com/s?__biz=MzkyNTM5NDE5MA==&mid=2247488506&idx=1&sn=c93b4d3fd4d4f6ac510454eb951b7591&chksm=c1c6679bf6b1ee8d108acf71472e54883e710c7a2f1e8df42eaabdf21052507172e430dda4af#rd
43,当代新诗创作与传统文化的民间智慧,http://mp.weixin.qq.com/s?__biz=MzkyNTM5NDE5MA==&mid=2247488505&idx=1&sn=5018178a0406423521fae27d5e441611&chksm=c1c66798f6b1ee8e1dfeb9455d7af2610a659e4350c6bccf60adbdecfe6b501b3a05bb2b785f#rd
44,日藏稀见本《靖台实录》文献价值考,http://mp.weixin.qq.com/s?__biz=MzkyNTM5NDE5MA==&mid=2247488504&idx=1&sn=c036494018204a95e8a69bf7cf26ab55&chksm=c1c66799f6b1ee8f1d6026cf236078e456a3ce84be42301bef3f184658c0e93dd8084b5cace5#rd
45,不予行政处罚的法理——围绕《行政处罚法》第33条而展开,http://mp.weixin.qq.com/s?__biz=MzkyNTM5NDE5MA==&mid=2247488503&idx=1&sn=14b4d25b52f0263f5c509b692516e78a&chksm=c1c66796f6b1ee8025d08c56607d2e2578b6c2fc714e8be50b58e98bfe2654b6866357b14910#rd
46,伦理为表，经济为里：农村祖父母的隔代抚养驱动力,http://mp.weixin.qq.com/s?__biz=MzkyNTM5NDE5MA==&mid=2247488502&idx=1&sn=4b66996eb6ac62145720b11be14a771b&chksm=c1c66797f6b1ee817683efdba0377ffe847f81935af46fea72771656023ecc2ae9691d47ad8c#rd
47,传统文化与新世纪诗歌的精神重建,http://mp.weixin.qq.com/s?__biz=MzkyNTM5NDE5MA==&mid=2247488501&idx=1&sn=bae08eb7b3c39b3d6e78e4c3c7fd019d&chksm=c1c66794f6b1ee820cc65a43e65ec0ca9cd21bf31c0b254f3658f89d87a8314a6fd834fe6d5f#rd
48,《读卖新闻》与九一八事变,http://mp.weixin.qq.com/s?__biz=MzkyNTM5NDE5MA==&mid=2247488500&idx=1&sn=a38dc600a8b813235ce628f40bc4ab52&chksm=c1c66795f6b1ee8344d8e2011eb8e386b334c3f3da8a53ad4d1c34e0601b5ddf9fc8fdf0ed76#rd
49,“快发展与浅治理”的社会伦理思考,http://mp.weixin.qq.com/s?__biz=MzkyNTM5NDE5MA==&mid=2247488499&idx=1&sn=b5fc0155f55c0a21a3e8c01c560fa6f1&chksm=c1c66792f6b1ee8476dd91543df4ef99487302706b776f227a0acefa9c640cfab5711437225b#rd
50,市场导向型低碳政策能否推动经济高质量发展？——来自碳排放权交易试点的证据,http://mp.weixin.qq.com/s?__biz=MzkyNTM5NDE5MA==&mid=2247488498&idx=1&sn=64d88d0a395e8b23d168e06f68c5ea30&chksm=c1c66793f6b1ee85aa2d1feabd08da41179a2ff03664ab01aeed937aff402e67b24b0dde9050#rd
51,流动的宣传队：儿童剧团与抗战时期的民众动员——以上海孩子剧团、厦门儿童救亡剧团为中心,http://mp.weixin.qq.com/s?__biz=MzkyNTM5NDE5MA==&mid=2247488497&idx=1&sn=e03937fcddf23330c223954f2e8f61cf&chksm=c1c66790f6b1ee867cad4acf450dad976d5bbd29c1ecb0fc1ac9a29bbbf6306ff4a1377a10cf#rd
52,区域法治评价：主观评价何以低于客观评价？——以“珠三角”城市为例,http://mp.weixin.qq.com/s?__biz=MzkyNTM5NDE5MA==&mid=2247488496&idx=1&sn=cc2ac5cb244424ff814ab7eb196f4add&chksm=c1c66791f6b1ee87a38221032445f7dd9477177040cee09762e833bdede62ca1ed7fe78f23bb#rd
53,“政策性合约”的产生与实践：基于失地农民与水库移民的比较,http://mp.weixin.qq.com/s?__biz=MzkyNTM5NDE5MA==&mid=2247488495&idx=1&sn=69c1e4899277e2fd670f6b9d33334bc0&chksm=c1c6678ef6b1ee981d9dc18f2356e6173b00440f94bc56377b91f7fadc8fd0b1fea49e0a303e#rd
54,中国新诗的当代写作与传统文化的现代转换,http://mp.weixin.qq.com/s?__biz=MzkyNTM5NDE5MA==&mid=2247488494&idx=1&sn=a4026b1007f2e2da97bf07bfd04e9360&chksm=c1c6678ff6b1ee997465276c944a753aae9363af3f94b611745f8ab32fa20a61a763190022cf#rd
55,夺取全国红军长征胜利的生力军——红二方面军长征的主要贡献及其重要历史地位,http://mp.weixin.qq.com/s?__biz=MzkyNTM5NDE5MA==&mid=2247488493&idx=1&sn=3e1ab2be215537e3b4e2c3494df611f1&chksm=c1c6678cf6b1ee9aad5755850875a5201cb43bcb5895ec7d7a5fc6aefa1055e4b07e25f3ba95#rd
56,生态实体的伦理审视,http://mp.weixin.qq.com/s?__biz=MzkyNTM5NDE5MA==&mid=2247488492&idx=1&sn=2a2213745c4ddb103cf3191e7cbe0b83&chksm=c1c6678df6b1ee9b2e713c784b2e93b2cc40a4cd8ff2f2fc70b51763cbe0a904e8d6171f71fb#rd
57,实现碳达峰、碳中和目标的技术路线、制度创新与体制保障,http://mp.weixin.qq.com/s?__biz=MzkyNTM5NDE5MA==&mid=2247488491&idx=1&sn=743e817c22b10a6e35fbe39d1273b12c&chksm=c1c6678af6b1ee9c87bb887858d4ea66b09feb0f4ab13ba16b927621d0547947895f79e54d03#rd
58,习近平生态文明思想的逻辑体系,http://mp.weixin.qq.com/s?__biz=MzkyNTM5NDE5MA==&mid=2247488490&idx=1&sn=7b76d8a2343ff16c8321c20ed4004b6a&chksm=c1c6678bf6b1ee9db87a26ad7a1fb49b2dea29eafd9d013d22651c41329512d2c6f8a9edd273#rd
59,习近平生态文明思想的逻辑体系,http://mp.weixin.qq.com/s?__biz=MzkyNTM5NDE5MA==&mid=2247488489&idx=1&sn=6409765a38efb1ad8d45b66b2d12955c&chksm=c1c66788f6b1ee9e2f91d99ff97ebf8dbffbce1236385d94e4fe6521f5c1b6bd9a8190246288#rd
60,《广东社会科学》2022年第2期目录与摘要,http://mp.weixin.qq.com/s?__biz=MzkyNTM5NDE5MA==&mid=2247488488&idx=1&sn=afa7b4414c8930ef7adb6246e36dbc1d&chksm=c1c66789f6b1ee9f460e859c7332fa99c5c8407568af20b2e901a46095d268c36c5786ebe22e#rd
61,个人信息侵权责任的规范构造,http://mp.weixin.qq.com/s?__biz=MzkyNTM5NDE5MA==&mid=2247488487&idx=1&sn=c5602d26a1f700cd3d92d6026ce20ba8&chksm=c1c66786f6b1ee9038d1a56b101f1452b694dddcf8c7f9a696da92528737a9b6b2e27367572e#rd
62,文化的悲剧与生命的意义：从社会学的观念差异到齐美尔的生命观,http://mp.weixin.qq.com/s?__biz=MzkyNTM5NDE5MA==&mid=2247488486&idx=1&sn=1104388c8b5cdfdfe8852ec8686feaa7&chksm=c1c66787f6b1ee91e8e1db9cb97deeabe79396dc5b82894707c27687db675b19fec207f7b6ef#rd
63,《文心雕龙》乐府篇的校勘与辞乐的损益方法,http://mp.weixin.qq.com/s?__biz=MzkyNTM5NDE5MA==&mid=2247488485&idx=1&sn=ad00f4e98284dc82aa437b323148c823&chksm=c1c66784f6b1ee92d0617c9a2a5eca23d3e57ff8bb00d1e00b01efeb7318a03f595bb2b5e1eb#rd
64,美国驻华使馆档案中的“丙午日知会谋反案”,http://mp.weixin.qq.com/s?__biz=MzkyNTM5NDE5MA==&mid=2247488484&idx=1&sn=5f5af84da80a09db23f811585685d43b&chksm=c1c66785f6b1ee9381c36b8ac64037af14315be41fb4f892f4cfb6d834432b3e705043b489b1#rd
65,逻辑真理观与实践唯物主义真理观之比较,http://mp.weixin.qq.com/s?__biz=MzkyNTM5NDE5MA==&mid=2247488483&idx=1&sn=95a9b46b7eadc1d0b538028c2342b46a&chksm=c1c66782f6b1ee94e1f44816782fcf7fef734a928782ce9627a61584a581b147a16e2cbfef2c#rd
66,人工智能技术进步会促进企业员工共同富裕吗,http://mp.weixin.qq.com/s?__biz=MzkyNTM5NDE5MA==&mid=2247488482&idx=1&sn=49a7e3ebfd0d061e0f98b53bcb368d07&chksm=c1c66783f6b1ee95de3f559a238b7278d69b137396c8e66d21cdaa5f4a906237219b298bdb1b#rd
67,数字社会个人信息被遗忘权的宪法权利属性、边界与国家义务,http://mp.weixin.qq.com/s?__biz=MzkyNTM5NDE5MA==&mid=2247488481&idx=1&sn=455a9828664677fd0b5c06af4f363352&chksm=c1c66780f6b1ee96389e6a15b440e5a8b377b574ead917c01c8b3350f8057cb502f46609d31d#rd
68,全民基本收入与全民基本服务——当代两大社会政策思潮的比较与论争,http://mp.weixin.qq.com/s?__biz=MzkyNTM5NDE5MA==&mid=2247488480&idx=1&sn=e98484c016404263b0a0b2618ce40530&chksm=c1c66781f6b1ee97637b6a00df146b06bf762655e05ec3d7a8f8d187f4a3832f87fc03a2f458#rd
69,晚明清初文学为中国古代文学高峰说,http://mp.weixin.qq.com/s?__biz=MzkyNTM5NDE5MA==&mid=2247488478&idx=1&sn=5c3c908dc45e5998b952bd66cdb06be0&chksm=c1c667bff6b1eea92021c72a133985290567fd08b8fe47685e3a402a5f7ccb16bd25aabd6711#rd
70,论清史《儒林传》对陈澧学术的记载,http://mp.weixin.qq.com/s?__biz=MzkyNTM5NDE5MA==&mid=2247488477&idx=1&sn=3afb0428d23b643d2feaafea0ba59857&chksm=c1c667bcf6b1eeaa4676c84ec61a885995931789917253c2b260deafb40afefa2eb63718d848#rd
71,从抵制美货运动看辛亥革命前民众运动发展新趋向,http://mp.weixin.qq.com/s?__biz=MzkyNTM5NDE5MA==&mid=2247488476&idx=1&sn=c763366b9c612b99f2950972eca58ea3&chksm=c1c667bdf6b1eeab94e4c1e32ecfbc79779cd47996b99df6f686a8a5d8e1eb98124b8a461c4d#rd
72,马克思“共同体”概念的政治哲学诠释,http://mp.weixin.qq.com/s?__biz=MzkyNTM5NDE5MA==&mid=2247488475&idx=1&sn=d09fe85cf459ce59b3b9e9a584216b9a&chksm=c1c667baf6b1eeac00b9981ec1acbb063aacfd9d0a40dbf4d39d56b64ffc7b8a040784acbf9e#rd
73,最低工资的减贫效应研究,http://mp.weixin.qq.com/s?__biz=MzkyNTM5NDE5MA==&mid=2247488474&idx=1&sn=3b2989342a80bf162968920be9b76d6b&chksm=c1c667bbf6b1eead0cfc7fa1c82fec0c4e6b28b4b3d7c401d6ca4861f66e8090092997ffc6d7#rd
74,中国共产党人精神谱系的生成机理探析——以特区精神为例,http://mp.weixin.qq.com/s?__biz=MzkyNTM5NDE5MA==&mid=2247488473&idx=1&sn=2e6533d67157290e3a09d1fd85bbbb2d&chksm=c1c667b8f6b1eeae5ad9acda9cb10abfbca00efb132ed6519ef723e8725a642d2151f4cff26f#rd
75,《广东社会科学》2022年第1期目录与摘要,http://mp.weixin.qq.com/s?__biz=MzkyNTM5NDE5MA==&mid=2247488472&idx=1&sn=92c8c0e6fda79a50abeecf412ad868a4&chksm=c1c667b9f6b1eeaf4a76594dae9fa01a579312f933e3bc05f53c9d31b558e12cdd56a9853224#rd
76,碎片化的专业治理：国家政权建设视角下近代中国卫生行政的演变,http://mp.weixin.qq.com/s?__biz=MzkyNTM5NDE5MA==&mid=2247488471&idx=1&sn=d7f8b706ec17b39784570a075f1abed0&chksm=c1c667b6f6b1eea0e1b2a9c2030099c9e7af267f07feb82cfb94c1f24bda364cc3f5cbb5be20#rd
77,破产法上待履行合同的选择规则,http://mp.weixin.qq.com/s?__biz=MzkyNTM5NDE5MA==&mid=2247488470&idx=1&sn=d8f6c5fd98a4dea7b161f90693e278cb&chksm=c1c667b7f6b1eea18cec4dd5e134d92a3409c96f4bb05a88f3b47b0f1840c35bd61283668d3b#rd
78,朝向一个包容性的宗教社会学：基于齐美尔理论的反思,http://mp.weixin.qq.com/s?__biz=MzkyNTM5NDE5MA==&mid=2247488469&idx=1&sn=d7f4891c0b9f42abf7a4b34f464498e2&chksm=c1c667b4f6b1eea24c5c8c064dbdcbf2a3087b9428abf9ab43f28647e82209d0f2ca7b2cf131#rd
79,论德勒兹的“精神分裂分析”文论,http://mp.weixin.qq.com/s?__biz=MzkyNTM5NDE5MA==&mid=2247488468&idx=1&sn=500c2e3e4f6700a0ccc17cee3107fab8&chksm=c1c667b5f6b1eea3a645bfec1fb669aba46dd1151d0808e996cfdc953f3450a7b946bf3a39c6#rd
80,斯宾塞用进废退理念与清末多重翻译渠道的种群竞争论述——以严复、章太炎为例,http://mp.weixin.qq.com/s?__biz=MzkyNTM5NDE5MA==&mid=2247488467&idx=1&sn=6875e4fd33d6b4f70443cf6428fa7723&chksm=c1c667b2f6b1eea48f6b9ad77a1a670f8b6414caeb72b8c8f7ebcdb61c87932475bfbfa86291#rd
81,生态系统控制论的发展历程及其合理性分析,http://mp.weixin.qq.com/s?__biz=MzkyNTM5NDE5MA==&mid=2247488466&idx=1&sn=368f801100dc27c81b6e2768134b7a64&chksm=c1c667b3f6b1eea5e5440104bc6bc68db9507c68e0992a7145d6688e33877a2735960778a14b#rd
82,习近平坚持人民主体地位的理论阐释与实践建构,http://mp.weixin.qq.com/s?__biz=MzkyNTM5NDE5MA==&mid=2247488465&idx=1&sn=bd91556d5f78d5fadf51380fcfed7683&chksm=c1c667b0f6b1eea65e8462dcdc4e75bb0f8fd5c2bbea16a53a8781fb71e47b5e0afe6aab329c#rd
83,有限责任的性质与功能,http://mp.weixin.qq.com/s?__biz=MzkyNTM5NDE5MA==&mid=2247488463&idx=1&sn=28036aa0912e43c12655acf87d86aee5&chksm=c1c667aef6b1eeb862494016867bb759f3912c9846847005101fb662bf78cfcfde0d9582b286#rd
84,社会科学概念建构中的“复合单数”机制——兼论“知识建构社会”,http://mp.weixin.qq.com/s?__biz=MzkyNTM5NDE5MA==&mid=2247488462&idx=1&sn=8bf60d9229c0b66d6c8a87db94170e5f&chksm=c1c667aff6b1eeb9d900044ef137f0faeea7f298d6b157133bbb2a70fc6f31b1de240d24e5ac#rd
85,论罗杰•弗莱的“情感说”,http://mp.weixin.qq.com/s?__biz=MzkyNTM5NDE5MA==&mid=2247488461&idx=1&sn=483f6e746fae336c280fccc69513f24d&chksm=c1c667acf6b1eeba8889b04321c5059884aa9bbfdddd228417743a30a1f7b9824adb2d043b8c#rd
86,“文变”与“世变”：简论清末民初的“新名词入诗”现象,http://mp.weixin.qq.com/s?__biz=MzkyNTM5NDE5MA==&mid=2247488460&idx=1&sn=617c24ad474192d53111b7d7397b171a&chksm=c1c667adf6b1eebb742f963d42cd3b0707a3784d58600af046e049e8c0c60750cbc55f17589e#rd
87,生物学哲学为当代科学哲学贡献了什么？,http://mp.weixin.qq.com/s?__biz=MzkyNTM5NDE5MA==&mid=2247488459&idx=1&sn=1cebf4c28e962bede6c3e681b82eab67&chksm=c1c667aaf6b1eebc32d11ca5f39310c2e0aed06b8d91785695f71f67726cf2d41528b38dcb2a#rd
88,设立行政审批中心对企业家时间配置的影响——理论与来自中国私营企业调查的证据,http://mp.weixin.qq.com/s?__biz=MzkyNTM5NDE5MA==&mid=2247488458&idx=1&sn=199651a0ff819cbdb425ed96e6f1473d&chksm=c1c667abf6b1eebd5c006fb45e882753ca654a0c479f3a6d188faa415b06a72bcf5b3415baf8#rd
89,人类文明新形态的四重意蕴,http://mp.weixin.qq.com/s?__biz=MzkyNTM5NDE5MA==&mid=2247488457&idx=1&sn=c410125651183ccd5a9daf00af9f4e32&chksm=c1c667a8f6b1eebe1758df2729d838b82ee73e510064b02073b20a22254a0c4a97739e9063e0#rd
90,《广东社会科学》2021年第6期目录及摘要,http://mp.weixin.qq.com/s?__biz=MzkyNTM5NDE5MA==&mid=2247488456&idx=1&sn=fe87e2980a338cfab7d9d71215027995&chksm=c1c667a9f6b1eebfb148c57aafbcb32522de75fc117c54f8993a15bace19377808582dcda082#rd
91,承包地征收的土地补偿费分配：现行模式检讨及规范构造,http://mp.weixin.qq.com/s?__biz=MzkyNTM5NDE5MA==&mid=2247488455&idx=1&sn=9184cb846f1280095395c0fc11845781&chksm=c1c667a6f6b1eeb0e7e1567ac5ae639ea091dacd858462ea65b69cb689c301b55050b776f93d#rd
92,环境规制对企业并购的差异化影响——基于新环保法的准自然实验,http://mp.weixin.qq.com/s?__biz=MzkyNTM5NDE5MA==&mid=2247488454&idx=1&sn=547c003af01d4cbf133a1f2789462ed0&chksm=c1c667a7f6b1eeb1c295860b689f549cdf4b6159a33e5e974e2fcb3c16b720d949a4a4f1d285#rd
93,赋予强人工智能法律主体地位的路径与限度,http://mp.weixin.qq.com/s?__biz=MzkyNTM5NDE5MA==&mid=2247488453&idx=1&sn=127ba47b28a6c9c9b40f73510fda0de2&chksm=c1c667a4f6b1eeb2b9f5cbefc15ab2065626f9e83cb187fe581c895d5b09946cb4e790833504#rd
94,“生活性”与“社会性”：社会学与文学的对话,http://mp.weixin.qq.com/s?__biz=MzkyNTM5NDE5MA==&mid=2247488452&idx=1&sn=807cace02f55ffe648a25ff7142cb477&chksm=c1c667a5f6b1eeb310e8c4247db5f0fc616c44f344429350e17d5b1fce14af8b73f83d6933a3#rd
95,审美体验活动的四重确证方式,http://mp.weixin.qq.com/s?__biz=MzkyNTM5NDE5MA==&mid=2247488451&idx=1&sn=a5e2a444e06f0c6be54356850328f3a2&chksm=c1c667a2f6b1eeb41161f726be644db0c4dd9da2aedbbf811adf24d2019c21e6c72d986a5db2#rd
96,超越虚实之辩：论辩证法视域下思想政治教育的实践向度,http://mp.weixin.qq.com/s?__biz=MzkyNTM5NDE5MA==&mid=2247488450&idx=1&sn=c311fca5bc62075b3494174980f4a7ab&chksm=c1c667a3f6b1eeb5e110d8d846471b6a353b84c6d925b03d749b6d4cdd753f3a7d8a84d0c9c0#rd
97,自然资源依赖、金融发展与人力资本积累,http://mp.weixin.qq.com/s?__biz=MzkyNTM5NDE5MA==&mid=2247488449&idx=1&sn=d30d93ce328cac5dac1b44c2da66db55&chksm=c1c667a0f6b1eeb61195c19e83b4bb1f00dc5a7b46c96e11013e8c2064009f569d9704c97774#rd
98,违约金酌减裁判中的认知偏差及其修正,http://mp.weixin.qq.com/s?__biz=MzkyNTM5NDE5MA==&mid=2247488448&idx=1&sn=bec285cc60c942ce83b3c3535f71d474&chksm=c1c667a1f6b1eeb758f670f8c13db4a0ca97661227a0daa81c65778f54c0be2b231550cc47dd#rd
99,工具理性批判与西方批判理论的困境——以列斐伏尔和德赛托的战术与战略思想为线索,http://mp.weixin.qq.com/s?__biz=MzkyNTM5NDE5MA==&mid=2247488447&idx=1&sn=acd91afdfde451669637bf8ce3bf0d66&chksm=c1c667def6b1eec8e047401f36429057b225fd1d98c7878ff32c6eb33823797da4219c223d3d#rd
100,当代美学论争中的方法论、本体论问题,http://mp.weixin.qq.com/s?__biz=MzkyNTM5NDE5MA==&mid=2247488446&idx=1&sn=af43a8208cb93d136beebf6f560a0607&chksm=c1c667dff6b1eec9c346bd9fb161e9722ff6690b1bf50a755405e9c72740d4dd2508916dafe9#rd
101,从情感认同到自我认同：价值观认同的内隐实验研究,http://mp.weixin.qq.com/s?__biz=MzkyNTM5NDE5MA==&mid=2247488445&idx=1&sn=867566f92ddc15ff715b7829daf7ed78&chksm=c1c667dcf6b1eeca9bc0ac10687cc11f4257f253b76cd565c46ae149a7f66aa47e4f3aebc2c6#rd
102,金融科技促进实体经济发展的影响——基于金融创新和科技创新双路径的实证分析,http://mp.weixin.qq.com/s?__biz=MzkyNTM5NDE5MA==&mid=2247488444&idx=1&sn=828dcf986fb3204f7a321a35c9844bbe&chksm=c1c667ddf6b1eecb03b9d8211c0ef14e114e7f1a7038ed4fd90bf80407efcd4b4345727adba7#rd
103,孙中山的国际观与他的实业建设构想,http://mp.weixin.qq.com/s?__biz=MzkyNTM5NDE5MA==&mid=2247488443&idx=1&sn=4c22ac3055e41794d3469c4b51509439&chksm=c1c667daf6b1eecc250ee685534319cf68ad035205fa921753ffa7121b7a3b95fd75a5e45d2a#rd
104,孙中山的民本思想,http://mp.weixin.qq.com/s?__biz=MzkyNTM5NDE5MA==&mid=2247488443&idx=2&sn=eeb580dd87f808b714c181a3f2cf440f&chksm=c1c667daf6b1eecc6b79cd5133e0c474e36d2188aae7061a8f58bfaab52650b5bfe6847b2936#rd
105,公私藏档中孙中山与辛亥革命的史料挖掘,http://mp.weixin.qq.com/s?__biz=MzkyNTM5NDE5MA==&mid=2247488443&idx=3&sn=24dba65412e0afafa01a691d06a71de7&chksm=c1c667daf6b1eeccd6824939a64773ca80b9e5bb038d8a3dc712477167acf857061e5a92c15b#rd
106,“双视野人”与辛亥革命——以容闳、伍廷芳与唐绍仪为分析对象,http://mp.weixin.qq.com/s?__biz=MzkyNTM5NDE5MA==&mid=2247488442&idx=1&sn=d5b53695416a632101fb3d67c8a7a933&chksm=c1c667dbf6b1eecd077e71d521b3de5c1838fb384660a05c72c8b99ac1c67f35f1497d2710f2#rd
107,辛亥革命史研究需要走向精细化,http://mp.weixin.qq.com/s?__biz=MzkyNTM5NDE5MA==&mid=2247488441&idx=1&sn=f9ea6a30b5835807bc4e26c55ced39b7&chksm=c1c667d8f6b1eeceb4e82d540b48817b79ea9e0f87914c2e37c70b6cb942f5eefbe1447f1e8a#rd
108,浅谈深化辛亥革命历史影响研究的三个视角,http://mp.weixin.qq.com/s?__biz=MzkyNTM5NDE5MA==&mid=2247488441&idx=2&sn=f349f0af6e0c09f7db82c7afcb5306de&chksm=c1c667d8f6b1eece5f7d822f50226a75401a9a5876d51778edf326321752844983014b2db776#rd
109,华侨与辛亥革命关系研究的覃思——以民元伊始黄三德“讨债”为例,http://mp.weixin.qq.com/s?__biz=MzkyNTM5NDE5MA==&mid=2247488441&idx=3&sn=3b0920ef42a7f465b65c06d6ad3c366c&chksm=c1c667d8f6b1eece7613a849649f3fd2bf306a09de216d93d9636b2937b2ca6b4f0334660176#rd
110,《广东社会科学》2021年第5期目录及摘要,http://mp.weixin.qq.com/s?__biz=MzkyNTM5NDE5MA==&mid=2247488439&idx=1&sn=56bd196728f7f3e2e9816ff9cf364898&chksm=c1c667d6f6b1eec035d903cec70a0a563cdfd4bc9ab0683e114fdf2f7450a9cd119e4a0892e4#rd
111,中共一大对于党的独立自主形象的设计及其历史意义——以中共一大文献为中心的讨论,http://mp.weixin.qq.com/s?__biz=MzkyNTM5NDE5MA==&mid=2247488438&idx=1&sn=d17c97a472fc22b380b8a5ac3c48a1e9&chksm=c1c667d7f6b1eec1f93284e4b9ea6c2a585d7d1bf01d93d577a9d4fbe3098e5bcd8a048e5697#rd
112,涂尔干视野下的个人主义与道德教育,http://mp.weixin.qq.com/s?__biz=MzkyNTM5NDE5MA==&mid=2247488437&idx=1&sn=c8d6ecdb089c4f5dd4753fde2f83b011&chksm=c1c667d4f6b1eec2b0bb85f4a6abd93b2f8d2fee37d97ec2add87eb46307c4594e6c740c6caa#rd
113,《法兰西内战》郭和译本译者、翻译语境及动机考,http://mp.weixin.qq.com/s?__biz=MzkyNTM5NDE5MA==&mid=2247488436&idx=1&sn=b1380c0178977a2e0d5128f37452984e&chksm=c1c667d5f6b1eec366761fe265038852d37891f54c9d89c016c021e98f4cfe315978a28d2158#rd
114,市场视角下碳减排联盟对企业低碳技术创新的影响,http://mp.weixin.qq.com/s?__biz=MzkyNTM5NDE5MA==&mid=2247488435&idx=1&sn=db7af2e4791d68775bdb014ee8ad447b&chksm=c1c667d2f6b1eec4b1f503e4598673d2537b5a7d482d53fa2770246784a212b722014039613f#rd
115,如何认识中共的先进性？——抗战时期西方观察家的思想、实践与经验,http://mp.weixin.qq.com/s?__biz=MzkyNTM5NDE5MA==&mid=2247488434&idx=1&sn=11e3114fb028540a9dc2be2372989a3e&chksm=c1c667d3f6b1eec5454150167ce5929a1871634ad0021c00f0a668e609bce8aa93c3dbd4e76f#rd
116,社会工作机构何以向劳务公司转变——基于国家-社会关系的视角,http://mp.weixin.qq.com/s?__biz=MzkyNTM5NDE5MA==&mid=2247488433&idx=1&sn=e85053f0d005d96091aca52a4300aabd&chksm=c1c667d0f6b1eec61f1538a72470209dbaadcef36be759897601b2dd0f42265ff792daa126d1#rd
117,唐宋诗歌海洋灾害书写论析,http://mp.weixin.qq.com/s?__biz=MzkyNTM5NDE5MA==&mid=2247488432&idx=1&sn=c1ebbe1142cf91d72c28f757810cc8fe&chksm=c1c667d1f6b1eec72e6f5510e7b89db936392579ae71a22b0a82b18c349b901fda40dc5ed332#rd
118,王充的孔子观,http://mp.weixin.qq.com/s?__biz=MzkyNTM5NDE5MA==&mid=2247488431&idx=1&sn=ab9dec0b77cd13b083f2e61bb9c78422&chksm=c1c667cef6b1eed8a61640fa50127dc8397f52468e76ff4befb0ed1a5c7c8bfec4ab686a0f83#rd
119,相对贫困概念辨析与治理取向,http://mp.weixin.qq.com/s?__biz=MzkyNTM5NDE5MA==&mid=2247488430&idx=1&sn=4ccd51e764025318548ee59364301e52&chksm=c1c667cff6b1eed9329d941927b14969a1d411a2173c0ab284dcf34183656cdb7d148f347f48#rd
120,建党时期蔡和森的精神风范及其当代启示,http://mp.weixin.qq.com/s?__biz=MzkyNTM5NDE5MA==&mid=2247488429&idx=1&sn=8b9b10d39e062660fa08e286ac6d6318&chksm=c1c667ccf6b1eedae15021379272048ae9ca0af3f94753be1834c95c143181c79ab8c9a8ada1#rd
121,汉语诗韵三大功能及其文学价值——兼论“聚合”力对诗歌跳跃结构的平衡作用,http://mp.weixin.qq.com/s?__biz=MzkyNTM5NDE5MA==&mid=2247488428&idx=1&sn=7e5695589786c314a2f3d4cfd68594e1&chksm=c1c667cdf6b1eedb6c3e89beba63ae6bf77eaf5a3868dfee7a22ccdf410a8451f1c1ed850019#rd
122,走向“正规化”：中共太岳解放区学校教育转制研究,http://mp.weixin.qq.com/s?__biz=MzkyNTM5NDE5MA==&mid=2247488427&idx=1&sn=8bd3e8bbbc451e09c7a4274f9fb545cd&chksm=c1c667caf6b1eedc908d43305ac6b99b1d0001e658a5f839ab73eefb2261e8fb293e3d2c099f#rd
123,行政处罚设定制度：变化、理解与控制重点转换,http://mp.weixin.qq.com/s?__biz=MzkyNTM5NDE5MA==&mid=2247488426&idx=1&sn=6e7b8f79eb146dd6ea84b2e16a077c27&chksm=c1c667cbf6b1eedd70b7dda0678adc8d9e8396b7ca6e05b6aafcdf8a1a32471bf881adb4daca#rd
124,关于编纂我国行政程序法典的构想,http://mp.weixin.qq.com/s?__biz=MzkyNTM5NDE5MA==&mid=2247488425&idx=1&sn=6085c3ccdd4f4f105dee49f6d58c776e&chksm=c1c667c8f6b1eedec0ea6916ce24213bf3c703adac4d7564dd4551e0f8fc0b84dade21cb0cf9#rd
125,“观侨取象”的理论意涵——以“因时择势”为中心,http://mp.weixin.qq.com/s?__biz=MzkyNTM5NDE5MA==&mid=2247488424&idx=1&sn=9324a0d64a8567537caa3ebc4d4772a1&chksm=c1c667c9f6b1eedf60a3689f559d91d2ba1cc42b922e02d2ede831a9734549b7f985b6dc3cf0#rd
126,土地细碎化如何影响农户环境友好型施肥行为？——来自广东的微观调查,http://mp.weixin.qq.com/s?__biz=MzkyNTM5NDE5MA==&mid=2247488423&idx=1&sn=11ca48d9a0be7ef86a0c08a837810ea1&chksm=c1c667c6f6b1eed07400a734ead75d665d3e1f3192c4739c88d587497ffce67982548eebb6e9#rd
127,中国共产党乡村经济政策的百年演变和历史逻辑,http://mp.weixin.qq.com/s?__biz=MzkyNTM5NDE5MA==&mid=2247488422&idx=1&sn=b8e2ed0388b15091367558f539d67156&chksm=c1c667c7f6b1eed1fbc33cfb12ce1cad5945e17da3bb6745d876cb25178dd20571af596976f2#rd
128,《广东社会科学》2021年第4期目录及摘要,http://mp.weixin.qq.com/s?__biz=MzkyNTM5NDE5MA==&mid=2247488421&idx=1&sn=1d35692fc7103138d453401180f262dc&chksm=c1c667c4f6b1eed281b77da5a0fa3452dc857c474056fb319e2e130f175317eb5ef6c1162487#rd
129,在地教育与福音传播：华北基督教中学立案后的宗教教育调适（1930—1937）,http://mp.weixin.qq.com/s?__biz=MzkyNTM5NDE5MA==&mid=2247488420&idx=1&sn=dacd43285dc7820e4341140b967b096f&chksm=c1c667c5f6b1eed3109bfc293f0bdcef43a5bed55937ea6c572a9dc23536c42cbfa76893d417#rd
130,都市旋涡中的清醒与迷误——沈从文海派文学批评之反思,http://mp.weixin.qq.com/s?__biz=MzkyNTM5NDE5MA==&mid=2247488419&idx=1&sn=32b7675abe3361191855d9116abff345&chksm=c1c667c2f6b1eed4a519e4fe55c91e5173cc2053156eea765e77f8bdbcab1c4ca98f829e1c06#rd
131,建国初期华南地区少数民族干部培养过程研究——以南方大学（1949—1952） 为例,http://mp.weixin.qq.com/s?__biz=MzkyNTM5NDE5MA==&mid=2247488418&idx=1&sn=fa72d63c4371f1d19311fcaff148783e&chksm=c1c667c3f6b1eed5e58c589a1a3e1c6f36bc8bd792d69d349139fcf46cbc370130b6e457afba#rd
132,户籍歧视与农民工参保城镇职工基本医疗保险的代际差异,http://mp.weixin.qq.com/s?__biz=MzkyNTM5NDE5MA==&mid=2247488417&idx=1&sn=e743f2db64496721d659e9285352f58b&chksm=c1c667c0f6b1eed6890ee444837d54ede8db1e6d6508126290f3c4e526957bc0eacb7f621e9c#rd
133,传统法文化中的价值评判基准——从胡适的《中国传统中的自然法》切入,http://mp.weixin.qq.com/s?__biz=MzkyNTM5NDE5MA==&mid=2247488416&idx=1&sn=ec5bdfbb0c5e757e09839ca60e6259db&chksm=c1c667c1f6b1eed79ad92135382d852b1cb0ab10b46974cb676bb7c0b3dc54f36e942911c147#rd
134,治理有效：城中村的治理失序与乡村治理重构,http://mp.weixin.qq.com/s?__biz=MzkyNTM5NDE5MA==&mid=2247488415&idx=1&sn=fc3d86becbd737011ed83ce50c2fe7f1&chksm=c1c667fef6b1eee88a14aa9abb7acb8d8493730cbb05e1585ca63ce874017da77410a84d61dd#rd
135,鲁迅的多元中国观与启蒙思想和文学装置,http://mp.weixin.qq.com/s?__biz=MzkyNTM5NDE5MA==&mid=2247488414&idx=1&sn=9d21c168c49bb70bd953f0565609ef00&chksm=c1c667fff6b1eee96c745c73f6a42f6cbe5e845fd8d764ef5e0466ce2d1da0bf4bba0514faf8#rd
136,共和、风投、霸权——清末北美“红龙-中国”反清革命档案史料新解,http://mp.weixin.qq.com/s?__biz=MzkyNTM5NDE5MA==&mid=2247488413&idx=1&sn=dbc7b9864b00ecb67892d8063ed1b88a&chksm=c1c667fcf6b1eeea0afb450fd06fc83900777cce5d86f33ce9835b05bf498ccd6fd2efb3bc1c#rd
137,马克思对消除贫困的最初关注及早期探索——兼论《莱茵报》时期马克思世界观的转变问题,http://mp.weixin.qq.com/s?__biz=MzkyNTM5NDE5MA==&mid=2247488412&idx=1&sn=87d8b69c2c1a4d4c6030a4df83b7d6b0&chksm=c1c667fdf6b1eeeb540832827304662c2db73495904083bc944ff67550a420572e426043fbc8#rd
138,农村社区互助养老的代际补偿机制研究,http://mp.weixin.qq.com/s?__biz=MzkyNTM5NDE5MA==&mid=2247488411&idx=1&sn=ae85d31c23d8ffbf57a9fef38e9470ec&chksm=c1c667faf6b1eeec87a3e4e7b6494a3c0b6330d0a1c575c1302f7b5a0b4aac3dff5dd9fbacf4#rd
139,论《民法典》之人格权请求权体系,http://mp.weixin.qq.com/s?__biz=MzkyNTM5NDE5MA==&mid=2247488410&idx=1&sn=a64dcfd89469bc6d765ff4d9f39195d4&chksm=c1c667fbf6b1eeed0032010cab632422c24e9e47d962758fbbc63010b875f1cf602792ce1bfd#rd
140,中国女性孕育过程中的母职与母性赋权实践,http://mp.weixin.qq.com/s?__biz=MzkyNTM5NDE5MA==&mid=2247488409&idx=1&sn=c6ca9222ae8a5ca16679645289850be8&chksm=c1c667f8f6b1eeee97f8847cb37be4d9bb9287d3f3e59b51718810c8f88a4ef7881ff54a621b#rd
141,无言的坚守与有声的乡土——论50年代周立波的文学语言观念与实践,http://mp.weixin.qq.com/s?__biz=MzkyNTM5NDE5MA==&mid=2247488408&idx=1&sn=3bce1ddfa1aeb0453b0e8b6b3b2e4a6e&chksm=c1c667f9f6b1eeef14b588ee09bb2bdd8a70673d938d48de8d4a5c6512d8942b5fc0a29c778d#rd
142,试析抗战时期美国华侨的国民外交运动,http://mp.weixin.qq.com/s?__biz=MzkyNTM5NDE5MA==&mid=2247488407&idx=1&sn=8595aae781a3cb4746ff3991838c26f0&chksm=c1c667f6f6b1eee02f10ccdd9b41080c48b9d7df2a28fb847977b415eaea452438b33396da9b#rd
143,李济深与陈天太事件,http://mp.weixin.qq.com/s?__biz=MzkyNTM5NDE5MA==&mid=2247488406&idx=1&sn=d483e399521cbad1db77ba7b7e4173b6&chksm=c1c667f7f6b1eee1b0b1c074b30ca27dd53750bdc53ba7e16ea4ceaab941dc15c9efa6684806#rd
144,从马克思“现实”观点把握“时代”概念,http://mp.weixin.qq.com/s?__biz=MzkyNTM5NDE5MA==&mid=2247488405&idx=1&sn=63f31ae8cabf6c686f25175b95c5786c&chksm=c1c667f4f6b1eee2bf3de980e0a16fe1389d0f87eb284f5cf1a670787bff1d67e8f1da27bff3#rd
145,农民工返乡创业风险的衍生机理与治理研究——基于从众效应与风险识别能力维度,http://mp.weixin.qq.com/s?__biz=MzkyNTM5NDE5MA==&mid=2247488404&idx=1&sn=b5cd33472c3a9bfa47f1dd4d547f45c3&chksm=c1c667f5f6b1eee333c548f4e69f947fa0b7041a94445868199abe150d3fa5c65e7c3c1dbdc4#rd
146,论习近平法治思想的内在理论逻辑,http://mp.weixin.qq.com/s?__biz=MzkyNTM5NDE5MA==&mid=2247488403&idx=1&sn=3d29c0bea8fd7fb4a5261c9508490633&chksm=c1c667f2f6b1eee4a8ab53525409a933d85c56b57b59c69cb5f0a4a721520e777fa82d95efda#rd
147,《广东社会科学》2021年第3期目录及摘要,http://mp.weixin.qq.com/s?__biz=MzkyNTM5NDE5MA==&mid=2247488402&idx=1&sn=6ecbd8d1161c27d8b319ecc6786778ce&chksm=c1c667f3f6b1eee56b2ec30b74fcb0dc2c70ec8d240d7a4ddd9976b34bef6949287ea67713b1#rd
148,唐廷枢的幕僚生涯,http://mp.weixin.qq.com/s?__biz=MzkyNTM5NDE5MA==&mid=2247488401&idx=1&sn=1086d011117ff0fe9acd43f6f0ad3ae4&chksm=c1c667f0f6b1eee60dfef5ecade8442a47c5a5b7ced5d5b3256f4d04c1665b1ff4fd589bf616#rd
149,为谁劳动？1950年代末天津纺织工厂史写作与工人自我教育,http://mp.weixin.qq.com/s?__biz=MzkyNTM5NDE5MA==&mid=2247488400&idx=1&sn=42de625c266952b0d73e71a689c4c9ad&chksm=c1c667f1f6b1eee76c465dc39cbf0a8aba1ef24dd15b4ca740d55bfd84cc15cd89f2ddda7958#rd
150,人衣关系的历史脉动与文化嬗变——晚清民国女性服饰潮流研究,http://mp.weixin.qq.com/s?__biz=MzkyNTM5NDE5MA==&mid=2247488399&idx=1&sn=564cf58d4ee53d88f987d78ee17570c9&chksm=c1c667eef6b1eef8a9a5f409f0c00336781e147349b9002bc6ca1e71f77dbd480de0387926e4#rd
151,集中力量办大事能力的当代形态与逻辑——中国共产党塑造的独特国家能力探究,http://mp.weixin.qq.com/s?__biz=MzkyNTM5NDE5MA==&mid=2247488398&idx=1&sn=776bed1dffcd6234b773b40f748adb8c&chksm=c1c667eff6b1eef9a98382991441d3c7c64506ffb9e0643784c9f44ae9f6e389165f28902a86#rd
152,新发展格局背景下我国价值链升级与市场一体化研究,http://mp.weixin.qq.com/s?__biz=MzkyNTM5NDE5MA==&mid=2247488397&idx=1&sn=d4e3fb795c175b3b100ebecc159412c9&chksm=c1c667ecf6b1eefa8058bd5a87ac3694392ef0f18f247d370676f86c6cbeb5707e35be438c52#rd
153,备案审查制度在国家治理现代化中的宪制定位,http://mp.weixin.qq.com/s?__biz=MzkyNTM5NDE5MA==&mid=2247488396&idx=1&sn=737d06b1f66c55d6c1b1dc82e9972c07&chksm=c1c667edf6b1eefbe1705d8de4ada5fb28c4bcd4fb413faa3f190a2f1b2282698ba41b4ff6e7#rd
154,中国近代思想中的“公天下”：以康有为著述为中心,http://mp.weixin.qq.com/s?__biz=MzkyNTM5NDE5MA==&mid=2247488395&idx=1&sn=ba100a6867c33515d809c5329b09cf1e&chksm=c1c667eaf6b1eefc0657f9f68ee83f219d70406e2a0d07c3f41c54cce63e006b7ace82a829bc#rd
155,离散视野下的百年北美移民文学研究,http://mp.weixin.qq.com/s?__biz=MzkyNTM5NDE5MA==&mid=2247488394&idx=1&sn=52fd077e829d6752369132422eb93191&chksm=c1c667ebf6b1eefd47191f7034cdd2bec9ccd3307f2f4587df2d0014c79735d9bff9987fb9ee#rd
156,张之洞与清末立宪补论——以《张总督松平顾问立宪问答》为中心,http://mp.weixin.qq.com/s?__biz=MzkyNTM5NDE5MA==&mid=2247488393&idx=1&sn=a94b72494dcd1771ff3e1bc153e5b26c&chksm=c1c667e8f6b1eefe70b2df47e724de03a1c495b4c71694704d31cc1aa8c1139fc6c5357581b8#rd
157,略论清代台湾移民政策与移垦社会的定型,http://mp.weixin.qq.com/s?__biz=MzkyNTM5NDE5MA==&mid=2247488392&idx=1&sn=53331629c516e000f528e3702ac358be&chksm=c1c667e9f6b1eeff5b3bd51950f602e7d085c0e8a78bbab0d45a9943f4c70ac356673f7ccee4#rd
158,论媒介交往间性,http://mp.weixin.qq.com/s?__biz=MzkyNTM5NDE5MA==&mid=2247488391&idx=1&sn=fc3e180b73b309d1fd87e97fc16bff30&chksm=c1c667e6f6b1eef0352fb4a49be4f45f960d9e9657cebe57c825f65860d9dec4565e86096831#rd
159,中国城市群的服务业协同集聚研究——基于长三角与珠三角的对比,http://mp.weixin.qq.com/s?__biz=MzkyNTM5NDE5MA==&mid=2247488390&idx=1&sn=9929fa70e7e93348e214311e937a25b0&chksm=c1c667e7f6b1eef145cb7426d4a7365df509e642cf9de41bd3192a07e8746c92f9ad36304fc6#rd
160,《广东社会科学》2021年第2期目录及摘要,http://mp.weixin.qq.com/s?__biz=MzkyNTM5NDE5MA==&mid=2247488389&idx=1&sn=d534185360aad0c7c8415908d30ff941&chksm=c1c667e4f6b1eef286f2714a99d0de79b714d74fc6b35a5dad335dafd63b08bbefe968931614#rd
161,《民法典》中土地经营权的赋权逻辑与法律性质,http://mp.weixin.qq.com/s?__biz=MzkyNTM5NDE5MA==&mid=2247488388&idx=1&sn=cb9a332ba39226eee0ce7b93e350cb03&chksm=c1c667e5f6b1eef3718bfbd197e7e35597312546ab49a5bf9e3e38ec592d1f268f96ea2f96bc#rd
162,论林焕平对马克思主义文艺理论中国化的理论探索,http://mp.weixin.qq.com/s?__biz=MzkyNTM5NDE5MA==&mid=2247488387&idx=1&sn=1e1356cd3158d40d9b7bcd13d51f2ded&chksm=c1c667e2f6b1eef481e346b8f4474d14ec7470c23b9db08e63091f21738ce514ac7c24876bda#rd
163,马克思恩格斯劳动哲学中的自然身体问题研究,http://mp.weixin.qq.com/s?__biz=MzkyNTM5NDE5MA==&mid=2247488386&idx=1&sn=5d65c1b7e39e9680604ec15221d974af&chksm=c1c667e3f6b1eef5e66755ab0f8355ec04d413f24ac117650d9fc0370a0b20625aeab93d5695#rd
164,从《柳文指要》看章士钊晚年的礼乐观,http://mp.weixin.qq.com/s?__biz=MzkyNTM5NDE5MA==&mid=2247488385&idx=1&sn=30537f9f9c9d4f2f14c4f4185a9b4ef1&chksm=c1c667e0f6b1eef6326379b8ff33ad018950788b99cc03caf8cc74d67a0c935c4b7f621d50b3#rd
165,商业银行同业资产缺口的边际风险研究——基于互联网理财的视角,http://mp.weixin.qq.com/s?__biz=MzkyNTM5NDE5MA==&mid=2247488384&idx=1&sn=1b379a2fdb28fe6cba1692b41d477a97&chksm=c1c667e1f6b1eef70a35238582cf27da6614df7b5b9bd2262c0de9b4562c4d66fbb13c1ec9a5#rd
166,《民法典》中环境污染和生态破坏责任的亮点,http://mp.weixin.qq.com/s?__biz=MzkyNTM5NDE5MA==&mid=2247488383&idx=1&sn=a2ed1bb29ebae375c7a565e9a349bfb9&chksm=c1c6671ef6b1ee085ca50b526da62e7e1bf81d50dea944f539b38b1de61865ff2dced244e294#rd
167,我们这个马赛克照片世界：当代真实的社会建构形式,http://mp.weixin.qq.com/s?__biz=MzkyNTM5NDE5MA==&mid=2247488382&idx=1&sn=1b36f336a739c8a51ae46bcd8e4f5e10&chksm=c1c6671ff6b1ee0931031e670976cd6f81a5d05b9f01630dfd979e2e8c6911a4cc9f1fc87737#rd
168,统编教材建构的中国化马克思主义文艺理论知识架构,http://mp.weixin.qq.com/s?__biz=MzkyNTM5NDE5MA==&mid=2247488381&idx=1&sn=d5270c7f5cde885bfc88ad3791ff3f7d&chksm=c1c6671cf6b1ee0ae9208750ebde65adc04e8a519c842f5698f6548a14e9a7e3de098d328d99#rd
169,1938年广东省国防公债的筹募与社会响应,http://mp.weixin.qq.com/s?__biz=MzkyNTM5NDE5MA==&mid=2247488379&idx=1&sn=4c6653312fc711d4e0f720deaecbd48f&chksm=c1c6671af6b1ee0cf244de890627f60b385bd0cfefe8e592d55e98e56bb558aecfb19f4baafe#rd
170,错位的“战场”：孙中山与胡适的“新文化运动”,http://mp.weixin.qq.com/s?__biz=MzkyNTM5NDE5MA==&mid=2247488378&idx=1&sn=bc344d143f02c816a00d3c66af924247&chksm=c1c6671bf6b1ee0d992bf692aaa5f0f81d7c080bfa1b63bec0d8afb7c8f74431595dc6959a7e#rd
171,从直观到实践——马克思与康德哲学思想的一个比较,http://mp.weixin.qq.com/s?__biz=MzkyNTM5NDE5MA==&mid=2247488377&idx=1&sn=2b08eb3abe19e98b84bbb68c77d9ea65&chksm=c1c66718f6b1ee0e11819339085ab359eb70f6e7cd433af9f87f63adafcddeee463ffdd13c8f#rd
172,新时代影响我国科技评价制度改革的宏观因素研究,http://mp.weixin.qq.com/s?__biz=MzkyNTM5NDE5MA==&mid=2247488376&idx=1&sn=8103dea38c2173f146afc6b4d1501573&chksm=c1c66719f6b1ee0faf611fbe0037fd5c03538d4d9f89c417c76d80735c4deef07fe5b036e533#rd
173,《广东社会科学》2021年第1期目录及摘要,http://mp.weixin.qq.com/s?__biz=MzkyNTM5NDE5MA==&mid=2247488375&idx=1&sn=b8f5623bd2b8d85272604da72631a40e&chksm=c1c66716f6b1ee007293781abfc99b2162c55259c8be968377efcb6b0c0f91501656e1cfabd8#rd
174,《广东社会科学》2020年总目录,http://mp.weixin.qq.com/s?__biz=MzkyNTM5NDE5MA==&mid=2247488374&idx=1&sn=eb71c26573ecbbd4a383a02cafc761fd&chksm=c1c66717f6b1ee0145ba95662b210cac3cfdd59a4fe980eeb6a90c01a87b4c7aa71bc43fc0a3#rd
175,产业联动视角下共建“一带一路”价值链治理模式研究,http://mp.weixin.qq.com/s?__biz=MzkyNTM5NDE5MA==&mid=2247488373&idx=1&sn=b9c564f520c88ef22b0ecb3d9a87ddce&chksm=c1c66714f6b1ee02e43275a066d39eeb394212758c7ed56356c305a153a8690cdf83278c75dd#rd
176,经济特区与中国特色“渐进式改革”的绩效,http://mp.weixin.qq.com/s?__biz=MzkyNTM5NDE5MA==&mid=2247488372&idx=1&sn=a8b0fc88b3548455bcde91649b18e1ac&chksm=c1c66715f6b1ee0372c8251a81d64fb0297a3b81caa3544d3457206654ad863012a03864a323#rd
177,股份有限公司向管理层贷款的规制模式反思——兼论《公司法》第115条的废止,http://mp.weixin.qq.com/s?__biz=MzkyNTM5NDE5MA==&mid=2247488371&idx=1&sn=730d52f4af5e5551e5503d55a9640ec8&chksm=c1c66712f6b1ee041ac1f184429f942741f018a3f9e407bf189ff336162e6f650d1e1d14cd5d#rd
178,《儒教与道教》里的世界与中国,http://mp.weixin.qq.com/s?__biz=MzkyNTM5NDE5MA==&mid=2247488370&idx=1&sn=2bd257b30548e4b42b38f6b48cef7520&chksm=c1c66713f6b1ee05a6db53451a055985b0c6cf4f60ce560d600c596093614011a1ba6e5f2007#rd
179,中国“文学史”的知识谱系与意识形态,http://mp.weixin.qq.com/s?__biz=MzkyNTM5NDE5MA==&mid=2247488369&idx=1&sn=c5994ef73d64319804522e1c68e14571&chksm=c1c66710f6b1ee066c61bd2d4fea639c10c3181ad8bd3653f1c62e0ccb7a28b6f8c4f85d07d3#rd
180,民初上海总商会议事厅的筹建与落成,http://mp.weixin.qq.com/s?__biz=MzkyNTM5NDE5MA==&mid=2247488368&idx=1&sn=6cde351bc7642256b63db0a01355c211&chksm=c1c66711f6b1ee0715462a5e2090bcdbb6a94dc2d8de49110c793f3b43ab6b04d9d08a7b55f5#rd
181,试析日据时期日本对台移民及其危害,http://mp.weixin.qq.com/s?__biz=MzkyNTM5NDE5MA==&mid=2247488367&idx=1&sn=1f0c808cbeaacb2fdb109e97025a289c&chksm=c1c6670ef6b1ee18b4338f5e30973dbd43965a5e1725b2ed250e21b0a47dffce24eb94cb0344#rd
182,道德思考与实践智慧的双重逻辑变奏：伦理变迁的总体性考察,http://mp.weixin.qq.com/s?__biz=MzkyNTM5NDE5MA==&mid=2247488366&idx=1&sn=a77bfda19fc358b7be7ea88f7162c101&chksm=c1c6670ff6b1ee195a672c7c9196da9b2db567dfa33255c48aa203b165ca5c352db5457f720e#rd
183,全球价值链下利益分配的公平性影响增长绩效吗？,http://mp.weixin.qq.com/s?__biz=MzkyNTM5NDE5MA==&mid=2247488365&idx=1&sn=d7ea534dd506178ed20a48dad5ef91b8&chksm=c1c6670cf6b1ee1a4b2aea52f5ad0c50a543eea1e19918b6f7338ff13be3e4de10b6ebcb8a0f#rd
184,中国经济特区工业化深化的机理与路径,http://mp.weixin.qq.com/s?__biz=MzkyNTM5NDE5MA==&mid=2247488364&idx=1&sn=13515bc370950a8b34c11878ee82f8ff&chksm=c1c6670df6b1ee1b9b4337ecdcabbcc87bb55ec597e586c15b6b24c1c218f4a8f4c33a6c88d6#rd
185,《广东社会科学》2020年第6期目录及摘要,http://mp.weixin.qq.com/s?__biz=MzkyNTM5NDE5MA==&mid=2247488362&idx=1&sn=ea187540e46c561d42e566ff77afee0f&chksm=c1c6670bf6b1ee1dd93ee06f94972d0fc7f42fb3fb8dfc673f1f524739423a7e22f0b8a79362#rd
186,竞争中性视域下的政府监管研究,http://mp.weixin.qq.com/s?__biz=MzkyNTM5NDE5MA==&mid=2247488361&idx=1&sn=19bd8390442ccc17ef481c078139dfcd&chksm=c1c66708f6b1ee1eb1dd87ad70539ea9e09cbf37231f83a6dbca176a0dea44361128f3fb3eeb#rd
187,元代诗学中的辨体破体论与文体通变观,http://mp.weixin.qq.com/s?__biz=MzkyNTM5NDE5MA==&mid=2247488360&idx=1&sn=c4679e649edca6b967acd63d61d0a5b2&chksm=c1c66709f6b1ee1f2655315dc289c1752852ef7d7e11e7ef3117ceeb498e5377904f5f3c13bd#rd
188,《新闻报》有关康有为与“联省公车上书”的新史料,http://mp.weixin.qq.com/s?__biz=MzkyNTM5NDE5MA==&mid=2247488359&idx=1&sn=50039a8229c444aed80dd1bf65d9e40f&chksm=c1c66706f6b1ee107d0fe4cb28ee56340e65d9af8b2a1fc08a10b27c45e9d77b6ef125e65a79#rd
189,论我国法官考评制度的完善,http://mp.weixin.qq.com/s?__biz=MzkyNTM5NDE5MA==&mid=2247488358&idx=1&sn=517540054a9b6704b084121686489eb6&chksm=c1c66707f6b1ee117b3ea2e1d715c1806ba5019bde6788a6e8f7992f2e3858f33d85c8c012af#rd
190,回应性、自主性与地方政府低保政策执行意愿——基于广东省市际面板数据的实证分析,http://mp.weixin.qq.com/s?__biz=MzkyNTM5NDE5MA==&mid=2247488357&idx=1&sn=4324c0537dfc51c5ddc8fa1ae813fc80&chksm=c1c66704f6b1ee122c782643228773c0ff3cf386e821c13b105e031ce34cb0c519eb4e11a641#rd
191,金石之喻与中国文学批评,http://mp.weixin.qq.com/s?__biz=MzkyNTM5NDE5MA==&mid=2247488356&idx=1&sn=27237e2510a0dbf54ec71db5243a8b36&chksm=c1c66705f6b1ee13e92056be47d66afc6db6f3168edb731206dcdf430c71c621a68a741c41d6#rd
192,从书报传播到学堂立科：1896至1898年间“文学”概念的流播,http://mp.weixin.qq.com/s?__biz=MzkyNTM5NDE5MA==&mid=2247488355&idx=1&sn=166ab786753e33a6f806bf3bc2020801&chksm=c1c66702f6b1ee1455731be6137e1a71ac859f8f9eeba546850ea807232112bc859a0a928605#rd
193,上游产业管制与企业产能利用率：基于垂直供应链视角,http://mp.weixin.qq.com/s?__biz=MzkyNTM5NDE5MA==&mid=2247488354&idx=1&sn=490f13984419360533ba939b88eeab07&chksm=c1c66703f6b1ee15fe4e85f585bdcd4cc368213ee0419959b2b99e5f3202760910afa1fe73ca#rd
194,法院审判绩效管理中履责行为价值的法统计学研究,http://mp.weixin.qq.com/s?__biz=MzkyNTM5NDE5MA==&mid=2247488353&idx=1&sn=48cbe25674eddb6a6a4d4a3c1f3bff57&chksm=c1c66700f6b1ee163a78e7042881251bfdc86f7b69982e3ee1c16dbf3fefcb931744402baa77#rd
195,论中国经济发展中的制度内生优势,http://mp.weixin.qq.com/s?__biz=MzkyNTM5NDE5MA==&mid=2247488352&idx=1&sn=8e8575fd9117718b1f13998b03d062cc&chksm=c1c66701f6b1ee1718df21021c8efbdd9aa74edbecd7885759355044e5aaaa20ce04b5dfa6a5#rd
196,司马迁天命观探微,http://mp.weixin.qq.com/s?__biz=MzkyNTM5NDE5MA==&mid=2247488349&idx=1&sn=0ae0b8026b08515d2e3d4dfcd546c457&chksm=c1c6673cf6b1ee2a6f4e5e7cf7c4b485fdf21007f54a18f2f152a5f7b6caa4b6669bab70b8ff#rd
197,康有为的世界情怀,http://mp.weixin.qq.com/s?__biz=MzkyNTM5NDE5MA==&mid=2247488348&idx=1&sn=13ec44e381d53e4857325b9892315ed3&chksm=c1c6673df6b1ee2be1e0fb5fdaf191af651f2772ff1e6168f6693b0708ca02d87fc67c60444f#rd
198,用辩证法眼光看经济思想的发展,http://mp.weixin.qq.com/s?__biz=MzkyNTM5NDE5MA==&mid=2247488347&idx=1&sn=257a9369abeeac2effd5cc849d0a229e&chksm=c1c6673af6b1ee2cb0c046792b133438357801ffa8e5bdb2e275884f09961bced80c0f7e4ea7#rd
199,基于“竞争中性”原则的国有企业分类改革,http://mp.weixin.qq.com/s?__biz=MzkyNTM5NDE5MA==&mid=2247488346&idx=1&sn=4732338d94f043bbc5917b5f8f0262e6&chksm=c1c6673bf6b1ee2dff825c71c982353c9a5f04f019ea4251996fb61b37971deb4ab472ee02dd#rd
200,中国共产党文化治理方略的历史探索,http://mp.weixin.qq.com/s?__biz=MzkyNTM5NDE5MA==&mid=2247488345&idx=1&sn=ae22e60faedae4a0e0c7030fc1c01238&chksm=c1c66738f6b1ee2e5b135974f3afa8828f76c0f119ad87026f37945d3d766248ea812156797c#rd
201,《广东社会科学》2020年第5期目录及摘要,http://mp.weixin.qq.com/s?__biz=MzkyNTM5NDE5MA==&mid=2247488344&idx=1&sn=9adfd33937e5f22fd246365c0a35b0e0&chksm=c1c66739f6b1ee2ff617dadb4358ce94544efe4008d80902e19028bf8db48036b1a34dbf3e6f#rd
202,管制及其改进：中国土地管理制度改革的逻辑进路,http://mp.weixin.qq.com/s?__biz=MzkyNTM5NDE5MA==&mid=2247488343&idx=1&sn=675cb314d545b062ba5fb4cc5fb44b4e&chksm=c1c66736f6b1ee2020069ba4d4924e9735802ac0127b19b7c7cc96c43a78370c9ab49c2791e9#rd
203,从放权强镇到市域整合：尺度重组视阈中的珠三角“市管镇”体制再造,http://mp.weixin.qq.com/s?__biz=MzkyNTM5NDE5MA==&mid=2247488342&idx=1&sn=6d15d11cdb94807c681355f16a5bfd94&chksm=c1c66737f6b1ee21f713ef4d519982ea0c4cecc62aeb6392e269095dab82c06595538ed389fb#rd
204,除旧布新——故都初期国民党人在北平的“党化”宣传,http://mp.weixin.qq.com/s?__biz=MzkyNTM5NDE5MA==&mid=2247488341&idx=1&sn=d198c348af4b6c8001d406b9e325a092&chksm=c1c66734f6b1ee229fd505fbd72e18026b1cd4df0046883460b6f107a44073191ea3086ac720#rd
205,新诗传播与接受中的治疗功能,http://mp.weixin.qq.com/s?__biz=MzkyNTM5NDE5MA==&mid=2247488340&idx=1&sn=badd31b0f2cb1cc9c86a33bb172f5a2d&chksm=c1c66735f6b1ee232528af64f84343f092fabe0a664ca7474937b8da4f15a29ec2c14c375140#rd
206,论人类生产关系的历史演进及其当代特征,http://mp.weixin.qq.com/s?__biz=MzkyNTM5NDE5MA==&mid=2247488339&idx=1&sn=a205764671126fe64922db331aa0a01a&chksm=c1c66732f6b1ee241f9880736aa71c656a42efedafba0b1a42c1a296380d09caadf185bf0d06#rd
207,论人类生产关系的历史演进及其当代特征,http://mp.weixin.qq.com/s?__biz=MzkyNTM5NDE5MA==&mid=2247488338&idx=1&sn=674c71438a57e341f918a38892f86149&chksm=c1c66733f6b1ee257cd68f0b8e475c3ae97c4465ecefa54967a05db4ab80c8c9083314c9657f#rd
208,数字金融与城市生产率,http://mp.weixin.qq.com/s?__biz=MzkyNTM5NDE5MA==&mid=2247488337&idx=1&sn=eee3e21236baa146998457e8fe7029e9&chksm=c1c66730f6b1ee2651068d4e5415462c75feed845b53a653cc142ac736d4f3fb16350bab1c61#rd
209,民法典视野下农地融资担保规则的解释论,http://mp.weixin.qq.com/s?__biz=MzkyNTM5NDE5MA==&mid=2247488336&idx=1&sn=531a9f8a8980f52a31e3d39fd0c63290&chksm=c1c66731f6b1ee2728702bb0ded6ac1d50e1c7de34bcd38e1ccc79abe3669b854cab64b4a2a6#rd
210,转型期中国城市社会分层与流动的新趋势,http://mp.weixin.qq.com/s?__biz=MzkyNTM5NDE5MA==&mid=2247488335&idx=1&sn=9dbb05aa7eda3c2c281db53ef20867fb&chksm=c1c6672ef6b1ee38bbdc17be869cf09fa24a12cf9a1383021c37889a965f526f49419d7d06bf#rd
211,“治疗诗学”：必要、可能及建构,http://mp.weixin.qq.com/s?__biz=MzkyNTM5NDE5MA==&mid=2247488334&idx=1&sn=80b54bf521cc441f726f7ccf0c656cdd&chksm=c1c6672ff6b1ee3917927a1f09dd2b911758b9950ea949b2bc4f7538e5a08eea13f8b9688c45#rd
212,从北洋到国民党“易代”的政治因果略论,http://mp.weixin.qq.com/s?__biz=MzkyNTM5NDE5MA==&mid=2247488333&idx=1&sn=589d63fe79ea1619bad1455ab6a030a0&chksm=c1c6672cf6b1ee3af7dc31c68ba5662ac9007b63c91f09858e5a5244d78b96d90f8fb8ea7917#rd
213,人类命运共同体构建的生态价值逻辑与样态探索,http://mp.weixin.qq.com/s?__biz=MzkyNTM5NDE5MA==&mid=2247488332&idx=1&sn=f6ebc10f14c4daf3f91d6a5e085fa1da&chksm=c1c6672df6b1ee3b4d4b4763e4d350c630ea27c76ca6f4c323ddf633c9d5e5fe47c8f7c1b538#rd
214,台湾调查委员会与国民政府对台湾的接收,http://mp.weixin.qq.com/s?__biz=MzkyNTM5NDE5MA==&mid=2247488331&idx=1&sn=3b921f23cd7ffdc679b7804a4cdc9b73&chksm=c1c6672af6b1ee3cffe1327e459faacac2aca8233af8626062cf9a16a26840ad332f4e5b97ad#rd
215,数字创业生态系统：理论框架与政策思考,http://mp.weixin.qq.com/s?__biz=MzkyNTM5NDE5MA==&mid=2247488330&idx=1&sn=4b433adfed5f1bf2dc868f77553a7384&chksm=c1c6672bf6b1ee3d5f3d800a543439650851e4f4f0420bcbf9f0c3450035d3a8f86d50d565b5#rd
216,《广东社会科学》2020年第4期目录及摘要,http://mp.weixin.qq.com/s?__biz=MzkyNTM5NDE5MA==&mid=2247488329&idx=1&sn=5eeef98698d0b5d534fec89e970477a1&chksm=c1c66728f6b1ee3e6a1299a1c824206a8b55de09a6f516b4c8986fe8f9c380f9d9d9a7e8e6eb#rd
217,职业研究的历史性：从修正论、知识论到再历史化,http://mp.weixin.qq.com/s?__biz=MzkyNTM5NDE5MA==&mid=2247488328&idx=1&sn=40a3432ddef99b3f9c2d1d704041664e&chksm=c1c66729f6b1ee3f621354b8393f4fe1db05d4ea6ff8962ed3ef1051b2f5ea3bb824a105efd4#rd
218,抗战时期中共对国际阵线的划分及政策的调适与运用,http://mp.weixin.qq.com/s?__biz=MzkyNTM5NDE5MA==&mid=2247488327&idx=1&sn=6d4fba0644dc40191ad13498b5802764&chksm=c1c66726f6b1ee306e0d90b6655ea1bb543c527bddce0004b9163170c6bbdd002c2f488e48d8#rd
219,我国双重股东代表诉讼的本土化构建路径,http://mp.weixin.qq.com/s?__biz=MzkyNTM5NDE5MA==&mid=2247488326&idx=1&sn=d7809d35f1b37d4e45181ba00556ab52&chksm=c1c66727f6b1ee31e46bc47b19d9d1672b73b6514b797642c4be887e605ded3ef7f7bd12e27b#rd
220,历史社会学的本土实践：“源流”研究的理论、议题与方法,http://mp.weixin.qq.com/s?__biz=MzkyNTM5NDE5MA==&mid=2247488325&idx=1&sn=1d4661431c38012062d386f0002686aa&chksm=c1c66724f6b1ee32ee9522416eefdf799ee804b0e2e476b75b4b321684eb8516ec2c50c45b03#rd
221,“风景”研究的文化地理学价值,http://mp.weixin.qq.com/s?__biz=MzkyNTM5NDE5MA==&mid=2247488324&idx=1&sn=d461270b46646062578e75ba9b5bbf04&chksm=c1c66725f6b1ee33f67fe1ae46909b6f8d110a038ee758819c430d33d8de8462be3967ac4548#rd
222,西北联大与西南联大比较研究,http://mp.weixin.qq.com/s?__biz=MzkyNTM5NDE5MA==&mid=2247488323&idx=1&sn=bd4b9dd69ca8d56c19e7d822523db049&chksm=c1c66722f6b1ee3452602d44cb51cdd7ed7838b173bf4c75e98d1d239d78200b98308995c016#rd
223,从数字悖论到加速转向——当代左翼加速主义批判进路及理论局限,http://mp.weixin.qq.com/s?__biz=MzkyNTM5NDE5MA==&mid=2247488322&idx=1&sn=a879f19acf9b19fa70c983611b4a83df&chksm=c1c66723f6b1ee3519d5171ce5f1713e84dacf0dffb713e7dab7b761867ffb4257844bb0a2d2#rd
224,中国农村地区卫生基础设施建设研究,http://mp.weixin.qq.com/s?__biz=MzkyNTM5NDE5MA==&mid=2247488321&idx=1&sn=cc2a4d30675d3e352e9d28f8fae5ffc7&chksm=c1c66720f6b1ee36f74b7af617580e8260f1501f0e8b387463822f24f59f89dadbaec32cdd9d#rd
225,中国特色社会主义制度建设的逻辑、实践与经验,http://mp.weixin.qq.com/s?__biz=MzkyNTM5NDE5MA==&mid=2247488320&idx=1&sn=15f5503dd882a5c8e74357821dbdca48&chksm=c1c66721f6b1ee374aadb304355dc6c28eb863ea422acadbf4c0db503960c5603f80494267e1#rd
226,论英美合同法的精神及其对中国民法典合同编的启示,http://mp.weixin.qq.com/s?__biz=MzkyNTM5NDE5MA==&mid=2247488319&idx=1&sn=88764db5c32f67bf1c0fa4b198657c86&chksm=c1c6675ef6b1ee4838bf685afe9e09d98cecc48a3f2bd50dd430e0658951c2f71556632d555e#rd
227,历史社会学的构成性难题：由来、演化与趋势,http://mp.weixin.qq.com/s?__biz=MzkyNTM5NDE5MA==&mid=2247488318&idx=1&sn=720de461c8b7f4e3e88d9809cb827cb5&chksm=c1c6675ff6b1ee497f0aff9bde31af90383950cc36efdbb20eabcad8e30869eb227e3bb73747#rd
228,抗战期间中共在大后方的形象建构——以周恩来的人际网络为视角,http://mp.weixin.qq.com/s?__biz=MzkyNTM5NDE5MA==&mid=2247488317&idx=1&sn=9297054e96e354dfd8e0e34b42c150fb&chksm=c1c6675cf6b1ee4aee937953ea783fc99e1738bb5dd9f76754b980e23075c5744ef42034dadf#rd
229,西方作家对汉字的创造性误用——以谢阁兰和庞德为例,http://mp.weixin.qq.com/s?__biz=MzkyNTM5NDE5MA==&mid=2247488316&idx=1&sn=e63d875ba3a70c698e262efbd85eefc3&chksm=c1c6675df6b1ee4beb6e393f242d828f11d95b90cc57e23e030aa2aee6b57d5a9253f7a20df5#rd
230,孙中山与荷马李《无知之勇》在日本的译介,http://mp.weixin.qq.com/s?__biz=MzkyNTM5NDE5MA==&mid=2247488315&idx=1&sn=aa58dfe12888d503bd1154dd0710ce8c&chksm=c1c6675af6b1ee4cc74a42198d6df7328b948da5559c5d5fbc9cb39dce5dbad2b8a4ef79a170#rd
231,“马克思主义中国化”题解,http://mp.weixin.qq.com/s?__biz=MzkyNTM5NDE5MA==&mid=2247488313&idx=1&sn=f2053ce1c69b0644478e4b908f711aee&chksm=c1c66758f6b1ee4e2f222f2c9675ba81cd29fe210c64a1c7157974dd86f87e2aeabe68e25d45#rd
232,开放发展视角下的公共风险与公共卫生治理研究,http://mp.weixin.qq.com/s?__biz=MzkyNTM5NDE5MA==&mid=2247488312&idx=1&sn=22d42728806f84cc01f338301998942c&chksm=c1c66759f6b1ee4f5fc584241e44403a08cc84299520f9f898c2bcfbc2011d10ae98982d0f42#rd
233,论新时代人民代表大会制度的完善发展,http://mp.weixin.qq.com/s?__biz=MzkyNTM5NDE5MA==&mid=2247488311&idx=1&sn=d8ea63f120ea12666ecc10303ed3fcfc&chksm=c1c66756f6b1ee400e92d77d8e9cd9f070cfcae5ad5705b54d11cee60d380fa8676a10edd738#rd
234,《广东社会科学》2020年第3期目录及摘要,http://mp.weixin.qq.com/s?__biz=MzkyNTM5NDE5MA==&mid=2247488310&idx=1&sn=894fc38f74db30ed6d4f674568ccb43b&chksm=c1c66757f6b1ee41f9ce00c8c5915834381f8a6cb09a56d4841f34e6a72791c79a7dacf0cbe0#rd
235,流动想象与学术移民：中国回流学者工作与生活研究,http://mp.weixin.qq.com/s?__biz=MzkyNTM5NDE5MA==&mid=2247488309&idx=1&sn=3708a1b40f018421ca800fa9f7c93e85&chksm=c1c66754f6b1ee42dc5f4c9dbe95ca9d584c6839f8f237341a640b8ac0c00d9f07eea4219575#rd
236,评点之学：论俞平伯词学方法的学术渊源及其超越,http://mp.weixin.qq.com/s?__biz=MzkyNTM5NDE5MA==&mid=2247488308&idx=1&sn=d75c4e698850035822e84312c58495c6&chksm=c1c66755f6b1ee438fc1bc88a07a7fed182f4dd6762fab49d827298ab506b989210058c2c22a#rd
237,孔子“文”之教辨析,http://mp.weixin.qq.com/s?__biz=MzkyNTM5NDE5MA==&mid=2247488307&idx=1&sn=50a3c16edb7654a22342e0bb618b0033&chksm=c1c66752f6b1ee44418026c75c135ac1b722bc15da9d12cf6c7239445dbd8a40a0f3394d1d52#rd
238,城市群空间结构对经济高质量发展的影响,http://mp.weixin.qq.com/s?__biz=MzkyNTM5NDE5MA==&mid=2247488306&idx=1&sn=2d16c470dabf5e557d0ad723052db0ed&chksm=c1c66753f6b1ee45b8a652cd70bc685cdaefd0c752d1441f729ffbfdeb93107dee808e1abf73#rd
239,见义勇为行政确认的判断标准,http://mp.weixin.qq.com/s?__biz=MzkyNTM5NDE5MA==&mid=2247488305&idx=1&sn=9a4cd45a58f06f5d5572c41c4e838e3e&chksm=c1c66750f6b1ee465d7cb01ccf06da9bfdc39d46a6a85ebe1484a011a89a46c0bcd0a802bab1#rd
240,布迪厄论“传记幻觉”：意义及其限度,http://mp.weixin.qq.com/s?__biz=MzkyNTM5NDE5MA==&mid=2247488304&idx=1&sn=d4a390b134e16fcf767891c1387f4abe&chksm=c1c66751f6b1ee47fe3d4986a3ca6ee3cceafd96c81f3fb7f08c624ccc16c81d25546932f0f2#rd
241,中国诗体历次转型中的语法因素——兼论新诗出现的文体史意义,http://mp.weixin.qq.com/s?__biz=MzkyNTM5NDE5MA==&mid=2247488303&idx=1&sn=ad9d109f68f79ab7fbeae06910fd05a1&chksm=c1c6674ef6b1ee587e0a2f52b7badbc923363172a6ca4ff5faf2da55503618e05cd95be64cf0#rd
242,清季外交官群体的“中学西传”活动及其影响,http://mp.weixin.qq.com/s?__biz=MzkyNTM5NDE5MA==&mid=2247488302&idx=1&sn=6708cd8a0b55692f08f4ad05e7ba930e&chksm=c1c6674ff6b1ee59f256746c8ebc4f672b153656b762d3f8614706829c3e4f25530ff720597f#rd
243,概念发生与公孙龙子诸论篇的解读,http://mp.weixin.qq.com/s?__biz=MzkyNTM5NDE5MA==&mid=2247488301&idx=1&sn=d7040b84252dd34537d2ffe1c3c40bd6&chksm=c1c6674cf6b1ee5a3bbd7d6aa0b69058f185d69daf9b639e50f03e948125e254b25c8a498638#rd
244,技术选择、“适宜性”技术产业化与高质量增长,http://mp.weixin.qq.com/s?__biz=MzkyNTM5NDE5MA==&mid=2247488300&idx=1&sn=f905637d5fabe7e68b8a0e1a7146091c&chksm=c1c6674df6b1ee5b2b844a20f15d50cdbfa15e44b593ae630db69b5c0e118a65f8286a7a91e5#rd
245,论汽车经销商的缔约欺诈及惩罚性赔偿,http://mp.weixin.qq.com/s?__biz=MzkyNTM5NDE5MA==&mid=2247488299&idx=1&sn=b530ccea248adde3634fa72e34279f75&chksm=c1c6674af6b1ee5c5fe8d6fa3bf637f02671da49a671581e6764932b46b591ba06c6a0351df6#rd
246,社会学的理论危机与齐美尔的方法论基础,http://mp.weixin.qq.com/s?__biz=MzkyNTM5NDE5MA==&mid=2247488298&idx=1&sn=70ae5180957191e9700dfa644e9a4496&chksm=c1c6674bf6b1ee5d2afb4688de4467941a96908703cb76ff00e0015f1892b8ec98c4a78438bf#rd
247,论诗歌翻译与中国新诗创作的三重关系,http://mp.weixin.qq.com/s?__biz=MzkyNTM5NDE5MA==&mid=2247488297&idx=1&sn=0fc06f99512a0d26bf13c2f6a5d82b67&chksm=c1c66748f6b1ee5ec211c0f4bcf3f8cad97ed8edecf9586d87bda6ced7a8a2141ae8e95af3cb#rd
248,毛泽东新民主主义革命理论的新发展——关于1947年土改纠“左”历史的考察,http://mp.weixin.qq.com/s?__biz=MzkyNTM5NDE5MA==&mid=2247488296&idx=1&sn=21de1b856c7420f794ee52876ff5d8ea&chksm=c1c66749f6b1ee5fa8bd553b227661ae1883fc2da5246f9392dc62d574e1a73cbf49e2488d02#rd
249,1950年代台湾预算制度的缘起、监控和适应,http://mp.weixin.qq.com/s?__biz=MzkyNTM5NDE5MA==&mid=2247488295&idx=1&sn=26e8a7bf45f028dce7d9e16fe38a3124&chksm=c1c66746f6b1ee50010ef8a8de7a47ca90b7f4651b24f59b7baded27c9b5e0bf8e35494f05a1#rd
250,墨家、名家与儒家：三种指物观的比较分析,http://mp.weixin.qq.com/s?__biz=MzkyNTM5NDE5MA==&mid=2247488294&idx=1&sn=a085c0b09a6f5e235056880c17fec371&chksm=c1c66747f6b1ee5138cb5734fe9e56b430a1e13dab737171594add47a01e47ffd61155289b43#rd
251,新古典发展理论分析范式的拓展与重构——我国高质量发展的经济学思考,http://mp.weixin.qq.com/s?__biz=MzkyNTM5NDE5MA==&mid=2247488293&idx=1&sn=49266cf6e052bb75c7ffab2d31957457&chksm=c1c66744f6b1ee52c144c4a1e192982bd55aa76feb83713b43b3e41dc4bf11886aa557050f08#rd
252,《广东社会科学》2020年第2期目录及摘要,http://mp.weixin.qq.com/s?__biz=MzkyNTM5NDE5MA==&mid=2247488292&idx=1&sn=0e5a5e3e2274b500c62d9a7b72d928b7&chksm=c1c66745f6b1ee53f3128919b90bc4644fdad8b58cd8ce482240471e969b2b88680c9d71029f#rd
253,基层政商关系模式及其演变：一个理论框架,http://mp.weixin.qq.com/s?__biz=MzkyNTM5NDE5MA==&mid=2247488291&idx=1&sn=d357ea5ba48ef0a69b0e63c701f5b7d0&chksm=c1c66742f6b1ee548e81c6248325f382add9d48f79bf7121be14d427871b3bdef5820d332337#rd
254,税收优惠的正当性基础——以公益捐赠税前扣除为例,http://mp.weixin.qq.com/s?__biz=MzkyNTM5NDE5MA==&mid=2247488290&idx=1&sn=87d046ecb914796a261aa0686dffe066&chksm=c1c66743f6b1ee55184f1f30e211439f3005f660822515a444d277b862f4d86da7b341015be9#rd
255,“看电影”与吴宓生活中的娱乐和政治,http://mp.weixin.qq.com/s?__biz=MzkyNTM5NDE5MA==&mid=2247488289&idx=1&sn=cd6e3ba04121ec80563dcc2d955a1ba2&chksm=c1c66740f6b1ee5650f2702a376d400a76cee7e6d658ddeef274cf3215e974284d356acc6b5a#rd
256,中华民族“全面觉醒”的开启——五四启蒙运动中的“觉悟”话语,http://mp.weixin.qq.com/s?__biz=MzkyNTM5NDE5MA==&mid=2247488288&idx=1&sn=3746ba857114393ed5f631ec3f622c44&chksm=c1c66741f6b1ee57ed0795fa78c6611e55e19777e7786b179f574007c68c380ba433f256d0c5#rd
257,库恩科学哲学中的整体论谱系,http://mp.weixin.qq.com/s?__biz=MzkyNTM5NDE5MA==&mid=2247488287&idx=1&sn=19fdd4947827d78c1fd5e84bc46ac944&chksm=c1c6677ef6b1ee68cd4b23a0478295640cf5c76178cc04cb2afdb51c40011c633a0bc4e53c2c#rd
258,我国地方政府债券定价机制研究——基于城投债信用利差的分析,http://mp.weixin.qq.com/s?__biz=MzkyNTM5NDE5MA==&mid=2247488286&idx=1&sn=c5ffe88e174b0aaf13a0081e60fd11eb&chksm=c1c6677ff6b1ee690614138d4bd2244033a21ec25e22195442473e4645f09b481f7d0cb246b8#rd
259,关于中国道路与广东实践的一种新解释——国家能力支撑下的市场孵化,http://mp.weixin.qq.com/s?__biz=MzkyNTM5NDE5MA==&mid=2247488285&idx=1&sn=db0d57e03ea38d386a876dcafaf1fccf&chksm=c1c6677cf6b1ee6aad107d959c64724c45a247cbe7bea1e58a3c2699d293c0fef0750da0333a#rd
260,税收优惠分权的法治化：标准、困境与出路,http://mp.weixin.qq.com/s?__biz=MzkyNTM5NDE5MA==&mid=2247488284&idx=1&sn=c1c8393d7fe737db56fe2a991aaf6acf&chksm=c1c6677df6b1ee6bd26405a0b1badccd1e5ee96fb75cbe73889dcbf1409b742eac38ae57f361#rd
261,北京市贫困结构变化与社会救助改革应对研究,http://mp.weixin.qq.com/s?__biz=MzkyNTM5NDE5MA==&mid=2247488283&idx=1&sn=1037a5410c9d60f6f453e3a584380533&chksm=c1c6677af6b1ee6cbad5bff8370b7c8c8c0bea2f31beeb7d0f276481cae63029863d594b8d5e#rd
262,五四时期产业工人题材小说类型及其文学史意义,http://mp.weixin.qq.com/s?__biz=MzkyNTM5NDE5MA==&mid=2247488282&idx=1&sn=fc01d80fee5ff17e10231df0b5ee786a&chksm=c1c6677bf6b1ee6d463d4fdebfef3bb9dccefe607541c027655b076534dce560b971a131a9fc#rd
263,从五四运动百年看马克思主义与中国传统文化,http://mp.weixin.qq.com/s?__biz=MzkyNTM5NDE5MA==&mid=2247488281&idx=1&sn=e87abae1dcd5eedd37b060552182802f&chksm=c1c66778f6b1ee6e9d31741e16fdc6d2a57752135f00b99d731fb6fc87df1e07b97a5bedd74a#rd
264,从“孙夫人”到“孙宋庆龄”——以武汉国民政府时期宋庆龄人际关系的角度,http://mp.weixin.qq.com/s?__biz=MzkyNTM5NDE5MA==&mid=2247488280&idx=1&sn=e07d09837588813896e74bde564fa0cb&chksm=c1c66779f6b1ee6ff2ba1930aaad21332299e28252e4b7a25550579d9868c82305483c1ac243#rd
265,康德道德哲学的两面性——阿多诺的分析及其启示,http://mp.weixin.qq.com/s?__biz=MzkyNTM5NDE5MA==&mid=2247488279&idx=1&sn=dad34341a9cc952fd1231965c128c518&chksm=c1c66776f6b1ee6086da97eeca52cf4f0ad4c7333df156d73c3eab63d0d7c4874fb5f25b0544#rd
266,有为政府参与的中国市场发育之路,http://mp.weixin.qq.com/s?__biz=MzkyNTM5NDE5MA==&mid=2247488278&idx=1&sn=8e1ddbc914b8ebe0630e483e957d844e&chksm=c1c66777f6b1ee61ef4bea397ba6beb422dc24c06bdc147b81b8426d3610b7d5b6a4e268fd03#rd
267,《广东社会科学》2020年第1期目录及摘要,http://mp.weixin.qq.com/s?__biz=MzkyNTM5NDE5MA==&mid=2247488276&idx=1&sn=fba60bcb37198db3a51de7491f3558e6&chksm=c1c66775f6b1ee63cfbc27819099ac1a4e223361a985529080e813a33dd0f046814cb4465b6b#rd
268,自然状态的历史化与共同体学说的兴起,http://mp.weixin.qq.com/s?__biz=MzkyNTM5NDE5MA==&mid=2247488275&idx=1&sn=ea97eca9a5bad0ebf0ab8dfb82c4d8cd&chksm=c1c66772f6b1ee64842989bc6d7355d6be78264da4502c67baecd4404149d1ae6803095f210a#rd
269,司法数据公开及其程序规制,http://mp.weixin.qq.com/s?__biz=MzkyNTM5NDE5MA==&mid=2247488274&idx=1&sn=11aacd5c79dfca47d749ae2d54a228fd&chksm=c1c66773f6b1ee654e462549ac2ba2969d32c0bace2836f2db5a86fb404fae5b4859caccc7c8#rd
270,走向他人与回归自我——“域外文论本土化”研究对建构“中国文论新传统”的启示,http://mp.weixin.qq.com/s?__biz=MzkyNTM5NDE5MA==&mid=2247488273&idx=1&sn=d4985cdcb0ac4eef3f3c5de11a27cd63&chksm=c1c66770f6b1ee6677865a3f13418c7e52011bec1f756bcedfd050f745d47ab63916f558b130#rd
271,文学批评的见识剖析,http://mp.weixin.qq.com/s?__biz=MzkyNTM5NDE5MA==&mid=2247488272&idx=1&sn=24a408331276d61af5242eff9a0585bc&chksm=c1c66771f6b1ee67902a272f9199afeb90d2e6fb9d3808c94678d22aab0dd81054d90c2a367f#rd
272,企业参与垂直分工、创新与中国企业出口产品质量提升,http://mp.weixin.qq.com/s?__biz=MzkyNTM5NDE5MA==&mid=2247488271&idx=1&sn=f443da7584885174a2b4c2954043475b&chksm=c1c6676ef6b1ee785c1dc23671f683e4465b5458fac052a49cd57c1a3f9eafa3104a7872750a#rd
273,论法官的裁判文书风险规避策略,http://mp.weixin.qq.com/s?__biz=MzkyNTM5NDE5MA==&mid=2247488270&idx=1&sn=67d9c3ef8476513d771225ebb7f5c96e&chksm=c1c6676ff6b1ee798148dffa8437f865dd82ca3abda6ef8c67c5eef88d22fc323c376f176e70#rd
274,关于五四新文化运动史的再研究,http://mp.weixin.qq.com/s?__biz=MzkyNTM5NDE5MA==&mid=2247488269&idx=1&sn=2dc2e53f75b3365b76a7ea7bd8d68edc&chksm=c1c6676cf6b1ee7a3fe8b3a90034929ebce5751e83466d750f1a6fd929fe74636fc735a5a070#rd
275,齐美尔社会学理论中的突现论意涵,http://mp.weixin.qq.com/s?__biz=MzkyNTM5NDE5MA==&mid=2247488267&idx=1&sn=3a037f543445428f825c97e5b667396b&chksm=c1c6676af6b1ee7cab38e58a05e0e14ad66edd3fc8b56e3db7cc721fcece6997866f15acc99d#rd
276,胡适何以“暴得大名”？——关于五四新文化运动史研究的再思考,http://mp.weixin.qq.com/s?__biz=MzkyNTM5NDE5MA==&mid=2247488266&idx=1&sn=4661d2e5368162b8dcd2d088922b40ee&chksm=c1c6676bf6b1ee7d96db8df95e13af3e774637147ff47f3245dcd5f8921868dbc689875e5fdc#rd
277,胡适何以“暴得大名”？——关于五四新文化运动史研究在再思考,http://mp.weixin.qq.com/s?__biz=MzkyNTM5NDE5MA==&mid=2247488265&idx=1&sn=7103dcd62c06e2d66038b3bf41dd0f1b&chksm=c1c66768f6b1ee7e7a15f00e71fef070706966797a5121f83afb31993fb46b0af57790055640#rd
278,晚清澳门华人国籍选择问题探析,http://mp.weixin.qq.com/s?__biz=MzkyNTM5NDE5MA==&mid=2247488264&idx=1&sn=bfb7507adaf291e0120132b222840b62&chksm=c1c66769f6b1ee7f43d3597055f2902fab0aa55e1396cb2ca9167607f3089c30664ef6320e74#rd
279,从认知到重构的环境共同体之思,http://mp.weixin.qq.com/s?__biz=MzkyNTM5NDE5MA==&mid=2247488263&idx=1&sn=77dc23bf7bf865cebe8a987364872c6e&chksm=c1c66766f6b1ee70bdc3dd7e0ead88f64bdb0a3ea2c6fd50130c642b83f6df6891dbe3b93ee5#rd
280,论现代人文素养与中华茶道的内在关系,http://mp.weixin.qq.com/s?__biz=MzkyNTM5NDE5MA==&mid=2247488262&idx=1&sn=d29f61d1b841467aded42abf00c0d5db&chksm=c1c66767f6b1ee71e103b0722893f5333f581b25d26db6e3b29743f7263fa2f64b9016cdc258#rd
281,重读 《 东西文化及其哲学》,http://mp.weixin.qq.com/s?__biz=MzkyNTM5NDE5MA==&mid=2247488261&idx=1&sn=3c7ab7351d5a94e511fd5d439a967495&chksm=c1c66764f6b1ee724ec81db236b5eea05392c1830aad0659e5c21b06d64b1262ef00f9e4e97d#rd
282,城市居民住房“杜甫指数”体系的构建及意义,http://mp.weixin.qq.com/s?__biz=MzkyNTM5NDE5MA==&mid=2247488260&idx=1&sn=b4b2ee5962532a61faf423afc551d3b4&chksm=c1c66765f6b1ee731fb4b0b6c70f89e77cb7a559d50b09272b4a9e92b4d8140a67ffa933d3a7#rd
283,《广东社会科学》2019年第6期目录及摘要,http://mp.weixin.qq.com/s?__biz=MzkyNTM5NDE5MA==&mid=2247488258&idx=1&sn=23ae2e0c534c12d4a0d841d5a0a485c7&chksm=c1c66763f6b1ee75c171cdb1bd03317d584adc5d64cdeecc5b16da5e6abb9aefdb4d2f747dee#rd
284,法治视角下区域府际合作治理 跨区域管辖组织化问题研究,http://mp.weixin.qq.com/s?__biz=MzkyNTM5NDE5MA==&mid=2247488257&idx=1&sn=6f52da2053af8b908abadb82ecc96499&chksm=c1c66760f6b1ee765a22da32d931594ae08085fe605335a4d6b659a0f85d4e3a876f92291db1#rd
285,当代中国的改革与法治 ——以改革开放以来法律制定的主要特点为中心,http://mp.weixin.qq.com/s?__biz=MzkyNTM5NDE5MA==&mid=2247488256&idx=1&sn=7ba5edb5d97daf7950ea5c621ba20ebe&chksm=c1c66761f6b1ee776ca8bb544140d8c800457df16b1cf98ebaeb9f19bf60027fab948b24a951#rd
286,营商法治环境指数：评价体系与广东实证,http://mp.weixin.qq.com/s?__biz=MzkyNTM5NDE5MA==&mid=2247488255&idx=1&sn=26af1513d654e6f10e427312ae20ca03&chksm=c1c6669ef6b1ef88e6041875954d0795932737da40ef62f91cb2a4b6dc8c901126ce2bf14631#rd
287,福利混合视角下的英国住房政策改革及对中国的启示,http://mp.weixin.qq.com/s?__biz=MzkyNTM5NDE5MA==&mid=2247488254&idx=1&sn=271d478a5e94fb23a14b123a5c6cd433&chksm=c1c6669ff6b1ef896d07e7efb38c87769a03b499f9dd6aad76acc34b1d017b070e431aa73c38#rd
288,时间性与适应性：城市棚户区治理中的“单位管理逻辑”与社区抗逆力,http://mp.weixin.qq.com/s?__biz=MzkyNTM5NDE5MA==&mid=2247488253&idx=1&sn=a621f1077f5c16b90a1c311a80f60ff7&chksm=c1c6669cf6b1ef8a6adf89e35e85368ae65ebd0f7626d05702e5527386bf4fb32701d5ec0977#rd
289,论京派文学的学院派文学品位,http://mp.weixin.qq.com/s?__biz=MzkyNTM5NDE5MA==&mid=2247488252&idx=1&sn=d2f4bc3681fdecf140b675290c2edf68&chksm=c1c6669df6b1ef8bcd4bd84bf7e9d741d631b05fe38b919352530d86f36053e046af753eec16#rd
290,革命现代性与中国左翼文学,http://mp.weixin.qq.com/s?__biz=MzkyNTM5NDE5MA==&mid=2247488251&idx=1&sn=8b4a41214e5234c8e905ee0a031d359f&chksm=c1c6669af6b1ef8cabf32d3262dd13e51bf00c23ad7f42e1db7a057fa17fc48f5a64d4607f21#rd
291,新女性与抗日战争——以吴菊芳为例,http://mp.weixin.qq.com/s?__biz=MzkyNTM5NDE5MA==&mid=2247488250&idx=1&sn=821aaee76fdd53558e3c0946b3ac7c97&chksm=c1c6669bf6b1ef8d6efaa8c2b0dc368d920a1633f93f9d2916098fccca9d0ecf5043742f0684#rd
292,论中华全国商会联合会——第一次代表大会的筹备与召开,http://mp.weixin.qq.com/s?__biz=MzkyNTM5NDE5MA==&mid=2247488249&idx=1&sn=c38c35c0dd1e51881de643e4103becdc&chksm=c1c66698f6b1ef8e43fe765bff11b5926b10028de33aa5636d0fbd82f4872873b2ca54837b10#rd
293,一九一九年南北和议的大势因缘,http://mp.weixin.qq.com/s?__biz=MzkyNTM5NDE5MA==&mid=2247488248&idx=1&sn=2974477c0f515c727e7ff8f7a4b80ea3&chksm=c1c66699f6b1ef8f63856f641b8be83c520dff52503b93040e5e136dc66e08fc314bbbb537a6#rd
294,从逻辑真到先验真：基于反实在论的考察,http://mp.weixin.qq.com/s?__biz=MzkyNTM5NDE5MA==&mid=2247488247&idx=1&sn=00fc649df3ddb30e3f17eb8668690eff&chksm=c1c66696f6b1ef80b91ea862f24df8d4276e7d5e1fef6e70be709ff24944a1f7f9bd50252758#rd
295,意识形态与理想性的现象学阐释——兼论中国梦的时间性内涵,http://mp.weixin.qq.com/s?__biz=MzkyNTM5NDE5MA==&mid=2247488246&idx=1&sn=6490124f5d90ad9f8d9f0e35ab916ee6&chksm=c1c66697f6b1ef814cb1ffcce7ac989c25a3f3794235314f0afbb7f81112ad7f78f811a74507#rd
296,技术引进、环境规制与低碳经济增长——基于中国省际面板数据的经验研究,http://mp.weixin.qq.com/s?__biz=MzkyNTM5NDE5MA==&mid=2247488245&idx=1&sn=4e420e258fc8bcc77aa378eefa6335d0&chksm=c1c66694f6b1ef821b0f0ed18e48eea9d4d49ef044f1d013f2cc1a7eec44fe6958395a4e3897#rd
297,海洋经济供给侧结构性改革的动力机制及实现路径 ——基于海洋经济全要素生产率指数的研究,http://mp.weixin.qq.com/s?__biz=MzkyNTM5NDE5MA==&mid=2247488244&idx=1&sn=3b6db2afebaee1be9d463f53430d74ba&chksm=c1c66695f6b1ef830f78d9060286122b4740a154836e4e57ff7e0583be68e88808cf0684370e#rd
298,数据经济的制度基础——数据全面开放利用模式的构想,http://mp.weixin.qq.com/s?__biz=MzkyNTM5NDE5MA==&mid=2247488243&idx=1&sn=849f6b1b5a042404f891cc24cc7ddda6&chksm=c1c66692f6b1ef84ccae7684357fae4c8704a35ed96d2399986f3762d25a5b9dc229e3c9d01f#rd
299,全要素生产率、资源错配与工业智能化战略——基于广东企业的分析,http://mp.weixin.qq.com/s?__biz=MzkyNTM5NDE5MA==&mid=2247488242&idx=1&sn=2dc828f5f4f3e63114394857b3bc399f&chksm=c1c66693f6b1ef85c6951cb2b716ff30a0d2514d4494817272c038fcb0a720e394c5d111e4ac#rd
300,《广东社会科学》2019年第5期目录及摘要,http://mp.weixin.qq.com/s?__biz=MzkyNTM5NDE5MA==&mid=2247488241&idx=1&sn=0cc8d49fc1f38d9133fb1fae7f98ba94&chksm=c1c66690f6b1ef8663692249d4fb21f3ef627f4e5d6999468da13cbabe4f3c7d200911f1cdf2#rd
301,我国民法典编纂中收养制度的完善,http://mp.weixin.qq.com/s?__biz=MzkyNTM5NDE5MA==&mid=2247488240&idx=1&sn=82a8d5a270d1d4435dc0e14d25d3d0ad&chksm=c1c66691f6b1ef8737d07107b1cb5cb0cef5fa4901e4c8be6c31b22f4c6cfb1c1cd64dd76ad2#rd
302,韦伯理解范式中的价值关联：社会范畴、“众神的战争”与“客观性”,http://mp.weixin.qq.com/s?__biz=MzkyNTM5NDE5MA==&mid=2247488239&idx=1&sn=fef926f455833334a828968a046e77d8&chksm=c1c6668ef6b1ef98299243811c25201a878715cbea9dbff14834a64ab410a500f931567ccca8#rd
303,媒介地理学视域中的《曼哈顿的中国女人》,http://mp.weixin.qq.com/s?__biz=MzkyNTM5NDE5MA==&mid=2247488238&idx=1&sn=51ade4247f8e8070145055a1bf41e80e&chksm=c1c6668ff6b1ef999aabc914ae6a9a0951f3b112827e4403289cc28af9215540612cd8ead56b#rd
304,改革开放与中国社会主要矛盾的演变,http://mp.weixin.qq.com/s?__biz=MzkyNTM5NDE5MA==&mid=2247488237&idx=1&sn=f6b66c48f43ca4e92665832e86f8c94a&chksm=c1c6668cf6b1ef9a45ee9ab65dd81ed8aa38b844b01f7d1e76fd0454c5704f6a039be4624b43#rd
305,经济外交研究的分析性视角及其路径,http://mp.weixin.qq.com/s?__biz=MzkyNTM5NDE5MA==&mid=2247488236&idx=1&sn=0ea8d3b155d31ecbf151099b24547ac8&chksm=c1c6668df6b1ef9b4889396d9f78f188eab7ed0fb065b98c2f24d8bfea5fbfe85769fb6057dd#rd
306,中学或西学？——戊戌时期康有为、梁启超学术思想与政治思想的底色,http://mp.weixin.qq.com/s?__biz=MzkyNTM5NDE5MA==&mid=2247488235&idx=1&sn=f9df02a94e5668b1cad14a9e88e76fc5&chksm=c1c6668af6b1ef9c978b644cd351ca465053b86f3649682d283416a54a4529821c7811e665a5#rd
307,理解、知识与意义：彼得•伯格的解读社会学,http://mp.weixin.qq.com/s?__biz=MzkyNTM5NDE5MA==&mid=2247488234&idx=1&sn=e70740ef1951e80490b21b0d984e90d4&chksm=c1c6668bf6b1ef9d7987da05588cdfae7984e48fd67b7a925c343841c9db7755120120e4a811#rd
308,跨文化诗学：族群混杂与身份跨界的理论图式,http://mp.weixin.qq.com/s?__biz=MzkyNTM5NDE5MA==&mid=2247488233&idx=1&sn=ea971b96232256af3d942dfdccac88b4&chksm=c1c66688f6b1ef9e22deb24e10dd9a7602fff78e3ea99710ba8a3e716d11087b33a1227c4d00#rd
309,发展的两个尺度——麦克斯-尼夫“以人为尺度的发展”理论述评与扩展,http://mp.weixin.qq.com/s?__biz=MzkyNTM5NDE5MA==&mid=2247488232&idx=1&sn=17599afe03a4e9872f52f9ddd1befa06&chksm=c1c66689f6b1ef9f3b9bd68dc8b083d82c63fcb880413490858889d964609baf1d6e8f95a6e5#rd
310,侵权获利返还若干问题探讨——兼评民法典分编草案二审稿第959条,http://mp.weixin.qq.com/s?__biz=MzkyNTM5NDE5MA==&mid=2247488231&idx=1&sn=8c8d6197d2beca6e8cfaec8bd3905c61&chksm=c1c66686f6b1ef90c4d1aad3095dc8627f89225a28c719c72743d26cfd1c10d1b9e162923cf3#rd
311,旧学与新制：清季经科大学述论,http://mp.weixin.qq.com/s?__biz=MzkyNTM5NDE5MA==&mid=2247488230&idx=1&sn=7e53a7f3756d04434320d4fb9e722a40&chksm=c1c66687f6b1ef91fb9bbb95bf4800edebc30ab3ed9c8847c24ce0bd9d1a70f7a3d0f035ad13#rd
312,合同法应当奉行双轨体系的归责原则,http://mp.weixin.qq.com/s?__biz=MzkyNTM5NDE5MA==&mid=2247488229&idx=1&sn=e3c73c340a22b64abb17cbe58ebadd18&chksm=c1c66684f6b1ef92c2fdb24acbdc629dc12f1b640a259e917ac4c76c37470d2ae032a49b528a#rd
313,习近平人民形象的建构,http://mp.weixin.qq.com/s?__biz=MzkyNTM5NDE5MA==&mid=2247488228&idx=1&sn=27a3f964aecb20307a56ab6322ab5f87&chksm=c1c66685f6b1ef93a95e0c2178312839bcf3b00c0a7af748c2135fda463682738774dcb0b73a#rd
314,试论历史意识的整体性观念及其现实意义,http://mp.weixin.qq.com/s?__biz=MzkyNTM5NDE5MA==&mid=2247488227&idx=1&sn=da84671163c6e631b8a2a82070407b6c&chksm=c1c66682f6b1ef94f002b998df4dac654b81e81bbaad01fea4dff9f4b90f124313b194f2a43c#rd
315,中国数字文化产业国际竞争力影响因素研究,http://mp.weixin.qq.com/s?__biz=MzkyNTM5NDE5MA==&mid=2247488226&idx=1&sn=df1dfd9b02ebd9c77e1e877dbc037564&chksm=c1c66683f6b1ef95203fc1d065007f39523403f85f889c52dc48201f5ce64adb8248c1dc84fa#rd
316,区块链下智能合约的合同法思考,http://mp.weixin.qq.com/s?__biz=MzkyNTM5NDE5MA==&mid=2247488224&idx=1&sn=7552177ee48a49cc12ea51c34ec2ddb5&chksm=c1c66681f6b1ef97c6ad24ce397c91953ccc5a9a192f8022527b0e34e45f91e2cd1a575e58c4#rd
317,菲华作家施柳莺文学创作论,http://mp.weixin.qq.com/s?__biz=MzkyNTM5NDE5MA==&mid=2247488223&idx=1&sn=bf77f7602b633fa898707eaa1e7a249b&chksm=c1c666bef6b1efa81607819d03e8f7d5a356c9d0454459ad43833a24bd27594fa58a022322b4#rd
318,“一带一路”产能合作中的贸易投资竞合联动研究,http://mp.weixin.qq.com/s?__biz=MzkyNTM5NDE5MA==&mid=2247488222&idx=1&sn=72deec3b8a0cdc0e833e2342f01820e0&chksm=c1c666bff6b1efa98fd97dcfc77f7995c006b2e3a73ad45501ef42e609bc88f968c985e47b80#rd
319,《广东社会科学》2019年第4期目录及摘要,http://mp.weixin.qq.com/s?__biz=MzkyNTM5NDE5MA==&mid=2247488221&idx=1&sn=19655d479b778d11a7918d98c8f19664&chksm=c1c666bcf6b1efaac0659be92b438aa17b60946f5e920de23b1af9b47719ab3c9f63f0229c8b#rd
320,宪法与基本法司法适用的香港经验——基于香港终审法院判决的分析,http://mp.weixin.qq.com/s?__biz=MzkyNTM5NDE5MA==&mid=2247488220&idx=1&sn=2261d4e1f12d4b5f3cb8d0e80497e698&chksm=c1c666bdf6b1efabc33e72c6960f93620cd352a6af973dbe8afbaa6b4317a533f856e8f708b9#rd
321,辛亥广州起义与清末政情,http://mp.weixin.qq.com/s?__biz=MzkyNTM5NDE5MA==&mid=2247488219&idx=1&sn=2d52a0065a54cb99ba968668b968f73f&chksm=c1c666baf6b1efac220382e1ab4226b5f576b9c44fad988bcefb0f286264b2413823701604a1#rd
322,论戏曲“代言”,http://mp.weixin.qq.com/s?__biz=MzkyNTM5NDE5MA==&mid=2247488218&idx=1&sn=e2e5755d705cc7927bb7acb34c9acf92&chksm=c1c666bbf6b1efadc1f9f92ffc9641fa10adcfcc5563024c32ab18f03c285029ee55b955a9a9#rd
323,袁世凯对在朝华商的保护与管理,http://mp.weixin.qq.com/s?__biz=MzkyNTM5NDE5MA==&mid=2247488217&idx=1&sn=54722b385561113c7e797d5d672b3721&chksm=c1c666b8f6b1efaee603994571eef272fb3f04484a81dc0acd76bee19069f4a7c31f2a06ea15#rd
324,自我存在的泛主体化批判——基于西方现代性观念的考察,http://mp.weixin.qq.com/s?__biz=MzkyNTM5NDE5MA==&mid=2247488216&idx=1&sn=76298823803895dd27030de225dff2f0&chksm=c1c666b9f6b1efaf38937c72490786cb1fd09b13bc46468381c6a98a9ccab8094674125de095#rd
325,历史社会学中的路径依赖：两种视角的分析,http://mp.weixin.qq.com/s?__biz=MzkyNTM5NDE5MA==&mid=2247488215&idx=1&sn=36d5bb83b303c5be5c060dc6b97f6398&chksm=c1c666b6f6b1efa0760a3a706d42e7ac0e6ad79b66f3cca49b12e47d3ae76dc50a1e36bdfe00#rd
326,历史社会学的第四波思潮：议题与趋势,http://mp.weixin.qq.com/s?__biz=MzkyNTM5NDE5MA==&mid=2247488214&idx=1&sn=1b9bb34274b06b304f5e2c26a9ee913e&chksm=c1c666b7f6b1efa11fdcfa69c3fb70abeb1d193eb5dd812de258ff659e48df6521d1ca37b47b#rd
327,中国叙事诗学关于艺术叙事合法性的论辩,http://mp.weixin.qq.com/s?__biz=MzkyNTM5NDE5MA==&mid=2247488213&idx=1&sn=2973eca2c24d064d7b326c1b70a53376&chksm=c1c666b4f6b1efa2cbb2d21218effdd44cb65bbfa615005a3e0f1a150d9b31a8bb1dd3a3745b#rd
328,全民参与的大扶贫格局构建研究——以旅游扶贫为例,http://mp.weixin.qq.com/s?__biz=MzkyNTM5NDE5MA==&mid=2247488212&idx=1&sn=69a4eb1ab4e26c03263fd851166c592b&chksm=c1c666b5f6b1efa3fea0e905e6e175ebff05d8c4e76c1464c11111426f18a897648f6cd30094#rd
329,人机合智：机器智能和人类智能的未来相处之道,http://mp.weixin.qq.com/s?__biz=MzkyNTM5NDE5MA==&mid=2247488211&idx=1&sn=14b1a2eeddefba4ad41b6277ab717d8b&chksm=c1c666b2f6b1efa435b321ee40a2bb59fd38b97f83a39237bf259e0836c31f8e9d53a5054dc8#rd
330,哈贝马斯对马尔库塞技术批判思想的批判及其反思,http://mp.weixin.qq.com/s?__biz=MzkyNTM5NDE5MA==&mid=2247488210&idx=1&sn=25c6c7aec9dcb58dba90b20ab1fc50f4&chksm=c1c666b3f6b1efa5d751ff90aca40716f97da29e3440fa6ea9bbe687d42b070b333bd19d1de0#rd
331,辛亥“宫廷政变”计划考辨,http://mp.weixin.qq.com/s?__biz=MzkyNTM5NDE5MA==&mid=2247488209&idx=1&sn=d2690dc34fdc2435abbcac22a5f6fb2a&chksm=c1c666b0f6b1efa613ccacd00030f47336184cdd68f3518e4e935434dce982d7e478c56ca28e#rd
332,改革开放以来法治观念的嬗变与启示,http://mp.weixin.qq.com/s?__biz=MzkyNTM5NDE5MA==&mid=2247488208&idx=1&sn=7e499b2a015a88c91c24dc8bf0131dea&chksm=c1c666b1f6b1efa7145211e388a5a325857c3fd9c8eaaedcf76debadbe00db5bbdceb6ef3531#rd
333,地方对铁路中央专管体制的权力消解——以清末广九铁路交涉为例,http://mp.weixin.qq.com/s?__biz=MzkyNTM5NDE5MA==&mid=2247488207&idx=1&sn=96cbe8a5124077e5a6ad9d05db594f82&chksm=c1c666aef6b1efb86d16375b79d9f46cf3c5a938bd8118ef150ebb5a177da757bb3884a0d41e#rd
334,经济新常态下农民工返乡创业的多重动因与特殊作用,http://mp.weixin.qq.com/s?__biz=MzkyNTM5NDE5MA==&mid=2247488206&idx=1&sn=1228096d3d78a65afe0711a02cc78fcb&chksm=c1c666aff6b1efb96444f074c55ca33e2b4e1ee1bec6ddc35f5fc2b53f2030e6b27b420b5b16#rd
335,《广东社会科学》2019年第3期目录及摘要,http://mp.weixin.qq.com/s?__biz=MzkyNTM5NDE5MA==&mid=2247488205&idx=1&sn=a19e2a688e11b52b0307530717219ede&chksm=c1c666acf6b1efba4628cec8360a040682f60afa3cf32773e89ef9d08d07786df33767bde571#rd
336,宗唐：《四六丛话》的骈文艺术蕲向,http://mp.weixin.qq.com/s?__biz=MzkyNTM5NDE5MA==&mid=2247488204&idx=1&sn=42dd354be507ac30531f3191cf0a028a&chksm=c1c666adf6b1efbb97e6da2856515ce4183c485456e6dbaf58b9da9a0cf0b6ff9e01350e4cf2#rd
337,治理、可持续性及其演化研究,http://mp.weixin.qq.com/s?__biz=MzkyNTM5NDE5MA==&mid=2247488203&idx=1&sn=99b260f1bd5a7e327de19b059160e417&chksm=c1c666aaf6b1efbc74d1a4e92233a3c1593af3b3357716dcf4fcb85298d00431ce203608279a#rd
338,《华商报》副刊与1940年代港粤文艺运动,http://mp.weixin.qq.com/s?__biz=MzkyNTM5NDE5MA==&mid=2247488202&idx=1&sn=3cb0977ce1e9cab5c473f6b8af438e74&chksm=c1c666abf6b1efbde7f805063f6848d5cc23bc27689d5c197297bf5eca500e2b69a876320654#rd
339,新西兰华人与海上丝绸之路——以陈达枝为中心的探讨,http://mp.weixin.qq.com/s?__biz=MzkyNTM5NDE5MA==&mid=2247488201&idx=1&sn=d0ce34db71116914e3e5ffeea2d70573&chksm=c1c666a8f6b1efbee44d572e27edef9b436dbad4d7ead02dc4c926482ae6dc6b89ebcce4d5b6#rd
340,服务业市场开放与服务贸易出口,http://mp.weixin.qq.com/s?__biz=MzkyNTM5NDE5MA==&mid=2247488200&idx=1&sn=f4c4aacfe34009db1eba206c89374c03&chksm=c1c666a9f6b1efbf8945d82ba2739c9691facc0eb8ae868e58e059413f8d0a910e1724e48ff4#rd
341,服务业市场开放与服务贸易出口,http://mp.weixin.qq.com/s?__biz=MzkyNTM5NDE5MA==&mid=2247488199&idx=1&sn=7b64ef710893b875facc37d476022a7c&chksm=c1c666a6f6b1efb092c044ed62367f44a2002f661a3ad85caf18e5016dcffac1f5d2055778f3#rd
342,关于《公孙龙子》的论说方式及其意义,http://mp.weixin.qq.com/s?__biz=MzkyNTM5NDE5MA==&mid=2247488198&idx=1&sn=a0e10edacd87b972de80c00a7bc602fc&chksm=c1c666a7f6b1efb1926c5f40876eda5606d50f07dd08973175fde9e5eb7f05b61774fb986d03#rd
343,中国乡村治理政策创新扩散：地方试验与中央指导,http://mp.weixin.qq.com/s?__biz=MzkyNTM5NDE5MA==&mid=2247488197&idx=1&sn=6cc51d2905c08681692ee506934d7f75&chksm=c1c666a4f6b1efb231f3bb1858a19b3bfc3b107a748f04b7b259de1b545800272b2b07b5dba2#rd
344,嘉道时期广州高第街许氏房产契约研究,http://mp.weixin.qq.com/s?__biz=MzkyNTM5NDE5MA==&mid=2247488196&idx=1&sn=4cf246d8ad4f717cd310993797d180a2&chksm=c1c666a5f6b1efb384ec434d5664fdeeef5927772224b65df2f2bb1e24281881472b12de0209#rd
345,湛若水在徽州的讲学活动及其与祁门谢氏家族的交往——以新发现的祁门谢氏家族与湛若水交往文书为中心,http://mp.weixin.qq.com/s?__biz=MzkyNTM5NDE5MA==&mid=2247488195&idx=1&sn=86229031e41417374f3486d48d9eb247&chksm=c1c666a2f6b1efb487606b82b5555baac6fb6723ecae62355dce6641b87b591f9c36dfb5380d#rd
346,中国的失业问题及其特征——基于CLDS追踪调查数据的描述,http://mp.weixin.qq.com/s?__biz=MzkyNTM5NDE5MA==&mid=2247488194&idx=1&sn=5cc76082bbd8bcacf8ad14f158e9e956&chksm=c1c666a3f6b1efb5f77a03b879f64939154cc3ef6f7e77f461262dcb83f8932265cbdb48d576#rd
347,黄咏雩诗歌的兴亡感慨与家国情怀,http://mp.weixin.qq.com/s?__biz=MzkyNTM5NDE5MA==&mid=2247488193&idx=1&sn=e37a3387149ad0220fa1aaa796bcbc65&chksm=c1c666a0f6b1efb66b1db72f8ffeb41993a7827909463c788437e104d56f3f09bcf3d53ee2f4#rd
348,乡城移民市民化：历程、规律与进路,http://mp.weixin.qq.com/s?__biz=MzkyNTM5NDE5MA==&mid=2247488192&idx=1&sn=5b962ed3d90e8f28cdb2b8eea817d774&chksm=c1c666a1f6b1efb78a59dd97dd09221160aeff4eb7c244e69e5bea151eaecdfb3e475a2f99f8#rd
349,洋务运动时期王韬对待西方法政知识的认知与逻辑,http://mp.weixin.qq.com/s?__biz=MzkyNTM5NDE5MA==&mid=2247488191&idx=1&sn=b70aa59f1f07a4ec3a2aced0941d1682&chksm=c1c666def6b1efc8309b4545f26b887983606f6cf887a21937f5bebfa93d79c044a33685b22a#rd
350,科技人才红利与中国区域经济增长,http://mp.weixin.qq.com/s?__biz=MzkyNTM5NDE5MA==&mid=2247488190&idx=1&sn=932efc26829cf5f2feb287f2f47fb28b&chksm=c1c666dff6b1efc9cdfb6c31dfaac65ad048088ceb9db4aaa8ff502928093c2d5ae4093dde59#rd
351,家族文化构筑的潮汕侨批纠纷调处方式探析,http://mp.weixin.qq.com/s?__biz=MzkyNTM5NDE5MA==&mid=2247488189&idx=1&sn=e1840e5e74ba0dfa9593a76924ea0cf9&chksm=c1c666dcf6b1efcad2bf320aa24b98751f2feebc266c2c5f99e49e26a907ee4c0fd4962e8def#rd
352,社会信用体系的他律性建构,http://mp.weixin.qq.com/s?__biz=MzkyNTM5NDE5MA==&mid=2247488188&idx=1&sn=58dc460cab91ba81267744b6e26262f1&chksm=c1c666ddf6b1efcb1f66f75ea66c8298f830da8fd3ba6063e07887d135b86bdcfba765b9d335#rd
353,市场化改革、对外开放与中国区域经济增长,http://mp.weixin.qq.com/s?__biz=MzkyNTM5NDE5MA==&mid=2247488187&idx=1&sn=3b145647736336bb07be9f3e853f3845&chksm=c1c666daf6b1efccc3644966064e3522d6825df05610a0cd704f58aabaf14396b747d022bd81#rd
354,《广东社会科学》2019年第2期目录及摘要,http://mp.weixin.qq.com/s?__biz=MzkyNTM5NDE5MA==&mid=2247488186&idx=1&sn=cff0f95c2fbec1f9d5705ae131e2a692&chksm=c1c666dbf6b1efcdc8bbefe313e43c2ab78bc474e1929321e4e4b2afc11734b293d9ad6f8df8#rd
355,海德格尔对马克思人的学说的三个误判,http://mp.weixin.qq.com/s?__biz=MzkyNTM5NDE5MA==&mid=2247488185&idx=1&sn=c07544f1f5372e2c893b77ed497150b7&chksm=c1c666d8f6b1efcefb848e712bc2e845d8b6dcdabeca40b4046b84d198fed5a59468c3c7e507#rd
356,清季民初孙中山“初心”说探微,http://mp.weixin.qq.com/s?__biz=MzkyNTM5NDE5MA==&mid=2247488184&idx=1&sn=3f93f9770b989cfd6e32b787a0d75f4f&chksm=c1c666d9f6b1efcff15b915612a8b6c7be26bbe573056ecfaedab8cf2195dacb2d4ad247f83e#rd
357,宅基地资格权的判定和实现——以上海实践为基础的考察,http://mp.weixin.qq.com/s?__biz=MzkyNTM5NDE5MA==&mid=2247488183&idx=1&sn=d1ef0fd9f8af1a38cbf46334dfee7c9c&chksm=c1c666d6f6b1efc00a03770f26d66ba2bd0b8d6557bb3af4710c1551ca408c02c053201eaa9f#rd
358,泰戈尔诗学在中国的传播与接受,http://mp.weixin.qq.com/s?__biz=MzkyNTM5NDE5MA==&mid=2247488182&idx=1&sn=fd89c92aae0538d988289f965709ab8f&chksm=c1c666d7f6b1efc1733c77d9d8acf18d19b4e848a48f2162b62606fb84291b9cff2f75f7f938#rd
359,口岸城市与维新思潮——以上海为中心,http://mp.weixin.qq.com/s?__biz=MzkyNTM5NDE5MA==&mid=2247488181&idx=1&sn=edf1d1599c0137bc8f4025dd5fe8e6c1&chksm=c1c666d4f6b1efc2ebb1d0403e1581c61e763312bb1f69bf7438a5a97d6b84816e398560fc35#rd
360,卢梭的异化观及其文化批判,http://mp.weixin.qq.com/s?__biz=MzkyNTM5NDE5MA==&mid=2247488180&idx=1&sn=61522620eb52d6b116b0fbc128a8c00f&chksm=c1c666d5f6b1efc3e13f74638e33356df15f995f9540430a8d54c93430c14128593c35e547f8#rd
361,宅基地“三权分置”的法理解析与立法回应,http://mp.weixin.qq.com/s?__biz=MzkyNTM5NDE5MA==&mid=2247488179&idx=1&sn=184fb4395306c417b7fc563aadf9dc77&chksm=c1c666d2f6b1efc487ee812ffba2c44d2ad932331084235490945180d80d59639a2ffe95c34a#rd
362,准市场还是准科层？——基于上海、北京的中国公租房提供模式研究,http://mp.weixin.qq.com/s?__biz=MzkyNTM5NDE5MA==&mid=2247488178&idx=1&sn=19b4361ef2cf803ea9858179cc8a4eae&chksm=c1c666d3f6b1efc57aa5d320595558e010e43f6a4961032f6f55d673ce30dfb3175539f4ca97#rd
363,中国学者文学英译的困顿与出路,http://mp.weixin.qq.com/s?__biz=MzkyNTM5NDE5MA==&mid=2247488177&idx=1&sn=a50ca866fac3a7cd9913f6bfc3ff9853&chksm=c1c666d0f6b1efc6170c85e1a7b42ec40c88aa6d48fac8ab6de390ecc105a939f1d1acf89915#rd
364,作为学术范式的“马魂、中体、西用”,http://mp.weixin.qq.com/s?__biz=MzkyNTM5NDE5MA==&mid=2247488176&idx=1&sn=422d1ab4c6ba8b3b01951ac73de696d2&chksm=c1c666d1f6b1efc7ae90cc0eaa8521b9f30e12c91e974c12e1681ba8b7d5a4be6a05ba913810#rd
365,合作建房的国际经验及其对中国的启示,http://mp.weixin.qq.com/s?__biz=MzkyNTM5NDE5MA==&mid=2247488175&idx=1&sn=89bd13aafe5761313551dddb5c051091&chksm=c1c666cef6b1efd80ae0147d296e60a7f77600320746fd6e72ea0ed0bb37065e25eff4e92409#rd
366,“一带一路”沿线国家投资便利化的评价体系研究,http://mp.weixin.qq.com/s?__biz=MzkyNTM5NDE5MA==&mid=2247488174&idx=1&sn=28198ab1c0beec2dd60294b4a380715d&chksm=c1c666cff6b1efd90edd6abaef6535b3d080cf383e3ea295fc7d2134df826b28d4a300641bb3#rd
367,城市交通可达性改善与制造业空间分布,http://mp.weixin.qq.com/s?__biz=MzkyNTM5NDE5MA==&mid=2247488173&idx=1&sn=2ca36ee9da092b1abd35b4c3a432fdd7&chksm=c1c666ccf6b1efda266aa85742147135d9501fe04b6dad8a7f2a94eaeb0b1fef8bef33bd0604#rd
368,中国铁路客运供需矛盾与相关产业政策分析,http://mp.weixin.qq.com/s?__biz=MzkyNTM5NDE5MA==&mid=2247488172&idx=1&sn=a878271ce71529ded83d62706754e1ca&chksm=c1c666cdf6b1efdb6c1eeb6aafaa2f38da4acb5c00b5bbad42e4e30640074f2194a49bf7b68c#rd
369,新时代广东经济发展：挑战、机遇与战略,http://mp.weixin.qq.com/s?__biz=MzkyNTM5NDE5MA==&mid=2247488171&idx=1&sn=73352d08c10375021ae9266e8b0fd841&chksm=c1c666caf6b1efdcb580e676a133dd2b1f013a19be30c5a60d895b1023263a5fa55be4c88fd8#rd
370,我国改革开放以来的民生福祉增进,http://mp.weixin.qq.com/s?__biz=MzkyNTM5NDE5MA==&mid=2247488170&idx=1&sn=70db1a8654dc477d6fbe91f0e49af5f4&chksm=c1c666cbf6b1efdd5bfc9aed70c633242b38e836b85304b8770ce507b654aebf99fb10fccfff#rd
371,《广东社会科学》2019年第1期目录及摘要,http://mp.weixin.qq.com/s?__biz=MzkyNTM5NDE5MA==&mid=2247488169&idx=1&sn=bb523a47bca26b83240d5d87bebca80f&chksm=c1c666c8f6b1efded726a096fe42b4fefca4a6f8754b10903731b3a3896b00a3966ddcc3a530#rd
372,17世纪中前期荷兰殖民者眼中的澳门与台湾——从1660年荷兰东印度公司进攻澳门计划说起,http://mp.weixin.qq.com/s?__biz=MzkyNTM5NDE5MA==&mid=2247488168&idx=1&sn=8a0683f4de8a32a4d0b4ee697aae2a49&chksm=c1c666c9f6b1efdfa443f2f9e792e33787aa54592b41b773ddbd4046def0d299709867f2b649#rd
373,英国政府对琉球、钓鱼岛问题的应对（1940-1972）——以英国外交部档案为中心,http://mp.weixin.qq.com/s?__biz=MzkyNTM5NDE5MA==&mid=2247488167&idx=1&sn=e296602d1866bce7ab666fa78090a50f&chksm=c1c666c6f6b1efd0614c5189e8d3ff9c839f0aa7aeedb9d04b48c68216b9976318f75c438c03#rd
374,改革开放40年来晚清政治史研究的基本路向,http://mp.weixin.qq.com/s?__biz=MzkyNTM5NDE5MA==&mid=2247488166&idx=1&sn=f4b836dc6f36b3500f833ad975b11289&chksm=c1c666c7f6b1efd1f7301a5c369df0e91a9ca715b2481379487f6332a01f3cd02175422ac8a4#rd
375,改革开放40年来的中国近代社会史研究：反省与寻求突破,http://mp.weixin.qq.com/s?__biz=MzkyNTM5NDE5MA==&mid=2247488165&idx=1&sn=763ed667a1584f702383b3daf348fd15&chksm=c1c666c4f6b1efd20911c02464a5d6fefe1210da8cc83754ed5fb117d5eebe4bb5cec41767f0#rd
376,撤县设区VS.切块扩区：地级市扩大市辖区经济发展效应的实证研究,http://mp.weixin.qq.com/s?__biz=MzkyNTM5NDE5MA==&mid=2247488164&idx=1&sn=de1c8a9a2c94a31290ea722d4fbc18db&chksm=c1c666c5f6b1efd395a387b25ef1f204c8de6118add96d99579514fc12c433e511013661282e#rd
377,《广东社会科学》2018年第6期目录及摘要,http://mp.weixin.qq.com/s?__biz=MzkyNTM5NDE5MA==&mid=2247488150&idx=1&sn=23cace75328070e152cb587d344aae0a&chksm=c1c666f7f6b1efe18172f3bf2c64f3e01099522a3e1d8fee81ff29b08836d410d236d1e0d61f#rd
378,《广东社会科学》2018年第5期目录及摘要,http://mp.weixin.qq.com/s?__biz=MzkyNTM5NDE5MA==&mid=2247488132&idx=1&sn=9247e0624513dbc188206c83b90fa117&chksm=c1c666e5f6b1eff32edd1a7cd384898c101aff63384e3017ef15993845be576325e13a132ef0#rd
379,《广东社会科学》2018年第4期目录及摘要,http://mp.weixin.qq.com/s?__biz=MzkyNTM5NDE5MA==&mid=2247488116&idx=1&sn=bf1bf8b9f410f6c146f650647cda9bec&chksm=c1c66615f6b1ef03f2317d6e15a87b0948c21f42ba8721c0b92442e3846b020be65538379ba2#rd
380,《广东社会科学》2018年第3期目录及摘要,http://mp.weixin.qq.com/s?__biz=MzkyNTM5NDE5MA==&mid=2247488101&idx=1&sn=8c079f2ab1954e267c2be1b7fb5f4a1d&chksm=c1c66604f6b1ef12c1665fd53929e7fc594b11bbaabe67829e157dfbae92a7a3d3465748fc28#rd
381,《广东社会科学》2018年第2期目录及摘要,http://mp.weixin.qq.com/s?__biz=MzkyNTM5NDE5MA==&mid=2247488084&idx=1&sn=511c259e273da5d0ae26313e3844572f&chksm=c1c66635f6b1ef2349c14073353f8f123577a34e8003be8b00b8da33b8345ee7045210e4d1f9#rd
382,《广东社会科学》2018年第1期目录及摘要,http://mp.weixin.qq.com/s?__biz=MzkyNTM5NDE5MA==&mid=2247488064&idx=1&sn=c39789fe97c70252b84ec4591042d4e3&chksm=c1c66621f6b1ef37d07e1e90601ff342827ae09a3f9e5df8abc6fad64312e5a91647e1e50295#rd
383,《广东社会科学》2017年第6期目录及摘要,http://mp.weixin.qq.com/s?__biz=MzkyNTM5NDE5MA==&mid=2247488048&idx=1&sn=784c9854215e0c57b85466dcbdd43a37&chksm=c1c66651f6b1ef4713901b074496616333a206ddaefae8750c16646049d0a3d40e388b9dc1fb#rd
384,《广东社会科学》2017年第5期目录及摘要,http://mp.weixin.qq.com/s?__biz=MzkyNTM5NDE5MA==&mid=2247488034&idx=1&sn=47a39d3933446ae00ebe2dd2dec3b7da&chksm=c1c66643f6b1ef558984f2e870c533526357f684932df8ce5aa51de9b8ffc8908ef3dfedd25f#rd
385,《广东社会科学》2017年第4期目录及摘要,http://mp.weixin.qq.com/s?__biz=MzkyNTM5NDE5MA==&mid=2247488014&idx=1&sn=b3e3066bfb8aefb76c741c779fee6427&chksm=c1c6666ff6b1ef794add412458617f07d2e5053e20c988236253eae82fba481a2a1065e74398#rd
386,《广东社会科学》2017年第3期目录及摘要,http://mp.weixin.qq.com/s?__biz=MzkyNTM5NDE5MA==&mid=2247487995&idx=1&sn=d666971024676ce8c51316aa593f85aa&chksm=c1c6659af6b1ec8c75c850a6c99472a2ac617df35f4fafa71a062fce02b668653422baafbe2d#rd
387,《广东社会科学》2017年第2期目录及摘要,http://mp.weixin.qq.com/s?__biz=MzkyNTM5NDE5MA==&mid=2247487979&idx=1&sn=9dc1e9afe233e8d3fedb73bd9b1e409b&chksm=c1c6658af6b1ec9c0735df5d5803728513136d1c96726978eed2ddcc2799f2326217057e67f5#rd
388,《广东社会科学》2017年第1期目录及摘要,http://mp.weixin.qq.com/s?__biz=MzkyNTM5NDE5MA==&mid=2247487965&idx=1&sn=63835b2204151bd8de92c51063536fd1&chksm=c1c665bcf6b1ecaa29e133f23617869ab69adfc90f2df435282143ef87115977ab2cf75d994a#rd
