Unnamed: 0,title,link,post_index,date,have_chaolianjie,have_newmedia,have_tupian1yinpin1shipin,is_origin,read_num,like_num,old_like_num,content,lis_content,lis_content_like_num,lis_auther_reply,lis_auther_like_num
0,《东岳论丛》2022年第10期,http://mp.weixin.qq.com/s?__biz=MzI4MTY1NzQ3MQ==&mid=2247484813&idx=1&sn=85584ed1b0c1875f8942ccc5cc353745&chksm=eba4ac9ddcd3258b6eb699299066e6523e83b3ffbfd4c6eec37c40264aefeaaed65ae720b352#rd,1,2022-10-27,0.0,1.0,1.0,0.0,nan,nan,nan,nan,nan,nan,nan,nan
1,轴心文明与齐鲁文化的多重意蕴,http://mp.weixin.qq.com/s?__biz=MzI4MTY1NzQ3MQ==&mid=2247484804&idx=1&sn=5f7aa95c453b008986b9d18a17240f1a&chksm=eba4ac94dcd325826da51306e450e51ad7c2484e70bb4bfa45026c0e0a9e9b900f0e0680e61f#rd,1,2022-10-18,0.0,1.0,1.0,0.0,nan,nan,nan,nan,nan,nan,nan,nan
2,当代社会价值观的选择与建构,http://mp.weixin.qq.com/s?__biz=MzI4MTY1NzQ3MQ==&mid=2247484795&idx=1&sn=73d841dd2d14388c38485239a18bf14e&chksm=eba4ac6bdcd3257d0016cae2e768b46c4ca5bd48aa13a61991016afbd9280f453f6ab28c1ae4#rd,1,2022-10-10,0.0,1.0,1.0,0.0,nan,nan,nan,nan,nan,nan,nan,nan
3,数字贸易的规范考察及中国方案,http://mp.weixin.qq.com/s?__biz=MzI4MTY1NzQ3MQ==&mid=2247484794&idx=1&sn=fb0befaaebdb15895cfbcc672536c8f2&chksm=eba4ac6adcd3257c6f72a2e7971eabac1def11e74989562724a157ed60333c0fbf611309bb69#rd,1,2022-10-9,0.0,1.0,1.0,0.0,nan,nan,nan,nan,nan,nan,nan,nan
4,大数据提升国家治理决策水平的逻辑探析,http://mp.weixin.qq.com/s?__biz=MzI4MTY1NzQ3MQ==&mid=2247484793&idx=1&sn=8ddd6d1e7eb0efeb052dea5c26a53371&chksm=eba4ac69dcd3257f94cb362b7ed0b94e0acfcf02198bde51a544bc31de497c1e32ef4974b51e#rd,1,2022-10-8,0.0,1.0,1.0,0.0,nan,nan,nan,nan,nan,nan,nan,nan
5,《东岳论丛》2022年第9期,http://mp.weixin.qq.com/s?__biz=MzI4MTY1NzQ3MQ==&mid=2247484764&idx=1&sn=ff2639564a17b60bd7fcd5c44da94c09&chksm=eba4ac4cdcd3255a3cec9ab45ca2868bab02b24e7633ebb40fb9aa12a48812c02085c7dd6c74#rd,1,2022-9-29,0.0,1.0,1.0,0.0,nan,nan,nan,nan,nan,nan,nan,nan
6,《东岳论丛》2022年第8期,http://mp.weixin.qq.com/s?__biz=MzI4MTY1NzQ3MQ==&mid=2247484755&idx=1&sn=5c6c9c9c752396856d0eaf5bf89209f9&chksm=eba4ac43dcd3255569212dcc21b9d4327a8f644f4102afa79876da15eaac6a5a334c5c795df6#rd,1,2022-9-13,0.0,1.0,1.0,0.0,nan,nan,nan,nan,nan,nan,nan,nan
7,“五个必由之路”与“五个战略性的有利条件”的新时代意涵和内在逻辑,http://mp.weixin.qq.com/s?__biz=MzI4MTY1NzQ3MQ==&mid=2247484746&idx=1&sn=c6233e4491d4f3a589fa80b4ad1c7629&chksm=eba4ac5adcd3254c3cf11ff16702fd55562d49b4ddc9cb4cf561d8305ba6cb3dc6853267bd74#rd,1,,,,,,nan,nan,nan,nan,nan,nan,nan,nan
8,“五个必由之路”与“五个战略性的有利条件”的新时代意涵和内在逻辑,http://mp.weixin.qq.com/s?__biz=MzI4MTY1NzQ3MQ==&mid=2247484745&idx=1&sn=7f1d5cd6dbe261cde7dd49ff7078433e&chksm=eba4ac59dcd3254f485842465c77cf940efa9119a73dbf9ce6a89d403a5564abfe00f3ce10ff#rd,1,,,,,,nan,nan,nan,nan,nan,nan,nan,nan
9,马克思 :资本是一种社会生产关系 ——《雇佣劳动与资本》研究,http://mp.weixin.qq.com/s?__biz=MzI4MTY1NzQ3MQ==&mid=2247484741&idx=1&sn=f706c22d6dfdb206040b48c111fac63f&chksm=eba4ac55dcd3254329bb41b3d6dcac0715ac7a781f9ccd70c550a0298e249d577788035f6cb9#rd,1,2022-9-6,0.0,1.0,1.0,0.0,nan,nan,nan,nan,nan,nan,nan,nan
10,毛泽东人民美学建构的理论贡献和意义——纪念《在延安文艺座谈会上的讲话》发表 80 周年,http://mp.weixin.qq.com/s?__biz=MzI4MTY1NzQ3MQ==&mid=2247484740&idx=1&sn=82d052eb75a46855dc72cacdfc9c39c0&chksm=eba4ac54dcd325421f2ae34cb034a50c461aca5e01c0b4b920e491797569c557b9a97f17f7e6#rd,1,,,,,,nan,nan,nan,nan,nan,nan,nan,nan
11,《东岳论丛》2022年第7期,http://mp.weixin.qq.com/s?__biz=MzI4MTY1NzQ3MQ==&mid=2247484727&idx=1&sn=104f7efd62d9c9180cefb022e03d1134&chksm=eba4ac27dcd325311abfd22740197e87f1ee13a8b2fb1cc2aca13d60086e043b27745085ef15#rd,1,2022-8-22,0.0,1.0,1.0,0.0,nan,nan,nan,nan,nan,nan,nan,nan
12,《民法典》立法目的条款之裁判检讨与功能定位,http://mp.weixin.qq.com/s?__biz=MzI4MTY1NzQ3MQ==&mid=2247484716&idx=1&sn=cce0b8c5ab908e817fdaca9c717e5eca&chksm=eba4ac3cdcd3252a5cebf641ee9360a56753a9ea648baf858683d648092db267bc8052990867#rd,1,2022-7-19,0.0,1.0,1.0,0.0,nan,nan,nan,nan,nan,nan,nan,nan
13,台网竞合视域下中国电视剧传播生态与策略探析,http://mp.weixin.qq.com/s?__biz=MzI4MTY1NzQ3MQ==&mid=2247484715&idx=1&sn=6eb142f5f544ecae063d1960da4f1b1e&chksm=eba4ac3bdcd3252d10643826593253eab901e239bc804f3d087b99d44230c7de2426b321ecf4#rd,1,2022-7-18,0.0,1.0,1.0,0.0,nan,nan,nan,nan,nan,nan,nan,nan
14,双循环视角下国内价值链体系演进与升级战略选择,http://mp.weixin.qq.com/s?__biz=MzI4MTY1NzQ3MQ==&mid=2247484700&idx=1&sn=a42a0cff344b2c88837890e868c28938&chksm=eba4ac0cdcd3251a11521ca561efe5edb2198ca2388356df7b4d5e18756346f5a1bb1e24a1f9#rd,1,2022-7-5,0.0,1.0,1.0,0.0,nan,nan,nan,nan,nan,nan,nan,nan
15,电子游戏对亲密关系的影响:行为感知、行为认知和个体依恋风格的作用,http://mp.weixin.qq.com/s?__biz=MzI4MTY1NzQ3MQ==&mid=2247484699&idx=1&sn=79cc0d7aac1111b551eaae29cce9e068&chksm=eba4ac0bdcd3251d33464409e4e85ba266ff17593a8fde7983bc56aae14020bd9fcf888202a6#rd,1,2022-7-4,0.0,1.0,1.0,0.0,nan,nan,nan,nan,nan,nan,nan,nan
16,中国哲学理论建构与21 世纪马克思主义,http://mp.weixin.qq.com/s?__biz=MzI4MTY1NzQ3MQ==&mid=2247484662&idx=1&sn=c665c1102fee885975346787fe7c5392&chksm=eba4ade6dcd324f06c7d59d7ec6f22b6fb60225d3c87d3eb32e9ef41eb3f5b2508c1885a7693#rd,1,,,,,,nan,nan,nan,nan,nan,nan,nan,nan
17,鲁迅抄校《法显传》与其学术研究和思想发展之关系,http://mp.weixin.qq.com/s?__biz=MzI4MTY1NzQ3MQ==&mid=2247484661&idx=1&sn=779414b89d98aa807d95fc6a13246330&chksm=eba4ade5dcd324f30d4450d7f178aceb38e321687829ff35a41bfd18e81c51fb94aa4b0cb79e#rd,1,2022-6-30,0.0,1.0,1.0,0.0,nan,nan,nan,nan,nan,nan,nan,nan
18,《东岳论丛》2022年第6期,http://mp.weixin.qq.com/s?__biz=MzI4MTY1NzQ3MQ==&mid=2247484601&idx=1&sn=c8caf947e0c098fdec121a123e8feaaa&chksm=eba4ada9dcd324bf72446c694765b88f9986d259183ded702749bfabb603e6976e9007d20802#rd,1,2022-6-23,0.0,1.0,1.0,0.0,nan,nan,nan,nan,nan,nan,nan,nan
19,《东岳论丛》2022年第5期,http://mp.weixin.qq.com/s?__biz=MzI4MTY1NzQ3MQ==&mid=2247484590&idx=1&sn=620534cc192d564d378a8e05027e4f01&chksm=eba4adbedcd324a85ea55da0b6fb6d23c1be6b38081e29dbc1d0b1fd44445d3700592e3945d8#rd,1,2022-6-1,0.0,1.0,1.0,0.0,nan,nan,nan,nan,nan,nan,nan,nan
20,工具性治理能力:乡村建设中的社区组织与精英参与,http://mp.weixin.qq.com/s?__biz=MzI4MTY1NzQ3MQ==&mid=2247484575&idx=1&sn=d549584d6849d771dffa4d9e5f21bece&chksm=eba4ad8fdcd3249956d1ed058d71742a101596059f019a131c00900b0b40d46b049d765986a0#rd,1,2022-5-31,0.0,1.0,1.0,0.0,nan,nan,nan,nan,nan,nan,nan,nan
21,中国电影地缘文化研究的方法论问题,http://mp.weixin.qq.com/s?__biz=MzI4MTY1NzQ3MQ==&mid=2247484574&idx=1&sn=770cb19b2d40cd7db4087f9f117b0100&chksm=eba4ad8edcd32498c397a3ce43309c5bf8144cf8fad266625493944357eca9898d337b117b61#rd,1,2022-5-30,0.0,1.0,1.0,0.0,nan,nan,nan,nan,nan,nan,nan,nan
22,《东岳论丛》2022年第4期,http://mp.weixin.qq.com/s?__biz=MzI4MTY1NzQ3MQ==&mid=2247484561&idx=1&sn=f9d8bb8895d3a50683850566bb32091f&chksm=eba4ad81dcd324979b5975e9b8ee5b66de32a608cd8dcb676ae28321da4ba56b27c80137bc0b#rd,1,2022-5-10,0.0,1.0,1.0,0.0,nan,nan,nan,nan,nan,nan,nan,nan
23,《东岳论丛》2022年第3期,http://mp.weixin.qq.com/s?__biz=MzI4MTY1NzQ3MQ==&mid=2247484551&idx=1&sn=8a9426549a84f42a3b0763317d6fc90b&chksm=eba4ad97dcd324816a4973b3cf99a5f907383e717fa4941be386a21f7d5d26252f096949358d#rd,1,2022-4-25,0.0,1.0,1.0,0.0,nan,nan,nan,nan,nan,nan,nan,nan
24,巴赫金与“世界文学”,http://mp.weixin.qq.com/s?__biz=MzI4MTY1NzQ3MQ==&mid=2247484550&idx=1&sn=aea77b01a181d8f4720b7daf7ec561d8&chksm=eba4ad96dcd32480e3275306a173d92aff658a11760fe5fde4bc9e60e14ef3a2438a46901c02#rd,1,2022-4-24,0.0,1.0,1.0,0.0,nan,nan,nan,nan,nan,nan,nan,nan
25,《巴黎协定》下我国碳市场机制的发展桎梏与纾困路径,http://mp.weixin.qq.com/s?__biz=MzI4MTY1NzQ3MQ==&mid=2247484549&idx=1&sn=bd8c849737aa08bf010d5d96f033f46d&chksm=eba4ad95dcd3248379054f31ad5aa73ca7d3880cd5d4ff43c3c1786ea63ec9b8b861f526a066#rd,1,2022-4-22,0.0,1.0,1.0,0.0,nan,nan,nan,nan,nan,nan,nan,nan
26,《东岳论丛》2022年第2期,http://mp.weixin.qq.com/s?__biz=MzI4MTY1NzQ3MQ==&mid=2247484529&idx=1&sn=57694f25a08846831efd3769ee78ab1c&chksm=eba4ad61dcd324779751d8dddda695223f9f079276ff60f4ff419f1bc7d8828c88fd13c50582#rd,1,2022-3-28,0.0,1.0,1.0,0.0,nan,nan,nan,nan,nan,nan,nan,nan
27,当代中国马克思主义的光辉文献——学习习近平总书记“ 七一” 重要讲话,http://mp.weixin.qq.com/s?__biz=MzI4MTY1NzQ3MQ==&mid=2247484508&idx=1&sn=125239700658a96a613e8811692c2d85&chksm=eba4ad4cdcd3245af6f7d51ef0eaa9af791ad398a2397e2931537d950750c1716070ce02d869#rd,1,2022-3-12,0.0,1.0,1.0,0.0,nan,nan,nan,nan,nan,nan,nan,nan
28,现代性问题域中的政治哲学,http://mp.weixin.qq.com/s?__biz=MzI4MTY1NzQ3MQ==&mid=2247484507&idx=1&sn=956998619cc5878eb314d8641ba0e997&chksm=eba4ad4bdcd3245d3f85dcbe90568e0d9dee8da7749cafd3a7c10a6ac04021c563129de6db21#rd,1,2022-3-11,0.0,1.0,1.0,0.0,nan,nan,nan,nan,nan,nan,nan,nan
29,《东岳论丛》2022年第1期,http://mp.weixin.qq.com/s?__biz=MzI4MTY1NzQ3MQ==&mid=2247484483&idx=1&sn=ee6db98dbea2b21f509540229d7ee4f6&chksm=eba4ad53dcd324452a3f78af7e6bb5b3e581553f32907b7150e2cf73f055d0a2c01c861672d5#rd,1,2022-2-24,0.0,1.0,1.0,0.0,nan,nan,nan,nan,nan,nan,nan,nan
30,《东岳论丛》给您拜年！,http://mp.weixin.qq.com/s?__biz=MzI4MTY1NzQ3MQ==&mid=2247484471&idx=1&sn=a6cf787e8b5e7bd998731a7eb8501391&chksm=eba4ad27dcd32431e513f1d81bc7bf9a3a043ea5e3ebfa90c09506c7bc8c6ec29be356b4d430#rd,1,2022-1-31,0.0,1.0,1.0,0.0,nan,nan,nan,nan,nan,nan,nan,nan
31,《东岳论丛》给您拜年！,http://mp.weixin.qq.com/s?__biz=MzI4MTY1NzQ3MQ==&mid=2247484470&idx=1&sn=459cf3c0a58fd8cdae1ecf0718261392&chksm=eba4ad26dcd324309392d234d44aa7d82d52ea7027f7f4c983cbd4b40087527cd908d1729620#rd,1,2022-1-31,0.0,1.0,1.0,0.0,nan,nan,nan,nan,nan,nan,nan,nan
32,吴忠民：中国传统文明及演化逻辑研究述论,http://mp.weixin.qq.com/s?__biz=MzI4MTY1NzQ3MQ==&mid=2247484463&idx=1&sn=3b934f05c45f506937427433494f6085&chksm=eba4ad3fdcd32429334fa20a698c1a0242c76a3bd90bc1a1527981d3f30b890741daf320654a#rd,1,2022-1-20,0.0,1.0,1.0,0.0,nan,nan,nan,nan,nan,nan,nan,nan
33,曾繁仁：《唐诗:“ 生生论诗学” 的集中呈现》,http://mp.weixin.qq.com/s?__biz=MzI4MTY1NzQ3MQ==&mid=2247484426&idx=1&sn=363ec74a4e89641a96307ca5445411bb&chksm=eba4ad1adcd3240c9b395657c695262d11c2c701aa695c70253128f41f0f921c3c547d9d22ec#rd,1,2022-1-13,0.0,1.0,1.0,0.0,nan,nan,nan,nan,nan,nan,nan,nan
34,《东岳论丛》2021年1~12期总目录,http://mp.weixin.qq.com/s?__biz=MzI4MTY1NzQ3MQ==&mid=2247484338&idx=1&sn=cdac86ef9aebe9b1c73e4821ab95873e&chksm=eba4aaa2dcd323b424c068d4082747ed09a2fbd6960f83189faf76f271cf019b18445c4ee51b#rd,1,2021-12-17,0.0,1.0,1.0,0.0,nan,nan,nan,nan,nan,nan,nan,nan
35,《东岳论丛》2021年第12期,http://mp.weixin.qq.com/s?__biz=MzI4MTY1NzQ3MQ==&mid=2247484337&idx=1&sn=4211580a9bd1414dbd5f06b5e13e5fa5&chksm=eba4aaa1dcd323b7c3553a63501e3e7d75fef20eaa34c9345a80536a6b72328da603dbd957a4#rd,1,2021-12-16,0.0,1.0,1.0,0.0,nan,nan,nan,nan,nan,nan,nan,nan
36,"迈克 · 费瑟斯通 著 ,刘宝 译：关于审美世界主义的思考",http://mp.weixin.qq.com/s?__biz=MzI4MTY1NzQ3MQ==&mid=2247484315&idx=1&sn=67e96dd72642c44a2b732e1a1228eddd&chksm=eba4aa8bdcd3239d7f47590027b612cd9be41a9066b55314f540de55f9c7f5a6eb592375b822#rd,1,2021-12-7,0.0,1.0,1.0,0.0,nan,nan,nan,nan,nan,nan,nan,nan
37,谢红星：发现“ 法典化”传统的法理 : 价值 、进路与限度,http://mp.weixin.qq.com/s?__biz=MzI4MTY1NzQ3MQ==&mid=2247484314&idx=1&sn=2af1215877082531c15fd9545457dcc3&chksm=eba4aa8adcd3239c78b86f02f791ce5701dbca6156e0442d4cc6ad1b9c3a8e986a05542f2144#rd,1,2021-12-5,0.0,1.0,1.0,0.0,nan,nan,nan,nan,nan,nan,nan,nan
38,《东岳论丛》2021年第11期,http://mp.weixin.qq.com/s?__biz=MzI4MTY1NzQ3MQ==&mid=2247484282&idx=1&sn=da9d20238a5e4d83a2a01fceb54e24cd&chksm=eba4aa6adcd3237cd49374dfa97646d7df7125b0707f9b8d5c20dcb41909ca910e480ac4ec61#rd,1,2021-11-16,0.0,1.0,1.0,0.0,nan,nan,nan,nan,nan,nan,nan,nan
39,仇雨临等：《中国共产党领导下的中国医保：发展道路与经验总结》,http://mp.weixin.qq.com/s?__biz=MzI4MTY1NzQ3MQ==&mid=2247484273&idx=1&sn=c86d16f7421eb7cf78544cb2008de281&chksm=eba4aa61dcd32377375297034d503ac66ea93073b937e52f20eb710b6d8b8ec5f9ba17e4b388#rd,1,2021-10-26,0.0,1.0,1.0,1.0,nan,nan,nan,nan,nan,nan,nan,nan
40,陈来：略论《论语》的传承与训解,http://mp.weixin.qq.com/s?__biz=MzI4MTY1NzQ3MQ==&mid=2247484259&idx=1&sn=8fca9a6816c87857a529cb8edc404b5f&chksm=eba4aa73dcd32365aaebac5ec9adb6790bc69ce15b3cd0705a8fb35b69d1397454fafc71aee6#rd,1,2021-10-21,0.0,1.0,1.0,1.0,nan,nan,nan,nan,nan,nan,nan,nan
41,《东岳论丛》2021年第10期,http://mp.weixin.qq.com/s?__biz=MzI4MTY1NzQ3MQ==&mid=2247484245&idx=1&sn=f987e3770e9cd0eb7728d44fd862ba34&chksm=eba4aa45dcd3235336dd3050174a17d07e99db27e76515a479656971b4878743ec6d28c22eda#rd,1,2021-10-19,0.0,1.0,1.0,0.0,nan,nan,nan,nan,nan,nan,nan,nan
42,《东岳论丛》2021年第9期,http://mp.weixin.qq.com/s?__biz=MzI4MTY1NzQ3MQ==&mid=2247484234&idx=1&sn=179e2ee7f14fb71e2ff1c7ca850dc7e2&chksm=eba4aa5adcd3234ce8e060a640c5bd9231cea7f191b56c722fa0821d64beda82491b4defd490#rd,1,2021-9-23,0.0,1.0,1.0,0.0,nan,nan,nan,nan,nan,nan,nan,nan
43,《东岳论丛》2021年第8期,http://mp.weixin.qq.com/s?__biz=MzI4MTY1NzQ3MQ==&mid=2247484219&idx=1&sn=1df1419d46f27d6dde778763b471e846&chksm=eba4aa2bdcd3233dcaa970932f4d267bef6f156b50bd6a4c95e7c9c240608bb4fa83b414364a#rd,1,2021-9-7,0.0,1.0,1.0,0.0,nan,nan,nan,nan,nan,nan,nan,nan
44,《东岳论丛》2021年第7期,http://mp.weixin.qq.com/s?__biz=MzI4MTY1NzQ3MQ==&mid=2247484209&idx=1&sn=57a8a8f55e5b8877c18b8e82296f5f88&chksm=eba4aa21dcd3233747c0f232c2523b51180858a8019a6769ede4a059ec55a2cb453e00829a3e#rd,1,2021-9-2,0.0,1.0,1.0,0.0,nan,nan,nan,nan,nan,nan,nan,nan
45,《东岳论丛》2021年第6期,http://mp.weixin.qq.com/s?__biz=MzI4MTY1NzQ3MQ==&mid=2247484199&idx=1&sn=c03c2d8550e034f7c8c97a93ea731f89&chksm=eba4aa37dcd32321eb96a91557f2e9e4e9e3c55013df8958d75b549ea753158d2da8147a7634#rd,1,2021-7-6,0.0,1.0,1.0,0.0,nan,nan,nan,nan,nan,nan,nan,nan
46,《东岳论丛》2021年第5期,http://mp.weixin.qq.com/s?__biz=MzI4MTY1NzQ3MQ==&mid=2247484189&idx=1&sn=105257e6b1e7ce443c66eeebb06fe5c9&chksm=eba4aa0ddcd3231b8db67267407014b1b200be34c1d88718dcb04bf946db986358e109988adb#rd,1,2021-7-1,0.0,1.0,1.0,0.0,nan,nan,nan,nan,nan,nan,nan,nan
47,《东岳论丛》2021年第4期,http://mp.weixin.qq.com/s?__biz=MzI4MTY1NzQ3MQ==&mid=2247484179&idx=1&sn=b3412dd52a1349947c55a46f972663d3&chksm=eba4aa03dcd32315ed280ac40bc1552d31d39c304f51f4f4e747805819dc483dfe5e527511ce#rd,1,2021-5-20,0.0,1.0,1.0,0.0,nan,nan,nan,nan,nan,nan,nan,nan
48,《东岳论丛》再次入选为CSSCI来源期刊,http://mp.weixin.qq.com/s?__biz=MzI4MTY1NzQ3MQ==&mid=2247484169&idx=1&sn=2c408a34936f168700c76ece8b8d8cb0&chksm=eba4aa19dcd3230fe5eb978d3aeaab01c2c5d6068e8109e12697d1c0a6454827554e10f9b4f2#rd,1,2021-5-11,0.0,1.0,1.0,1.0,nan,nan,nan,nan,nan,nan,nan,nan
49,《东岳论丛》2021年第3期,http://mp.weixin.qq.com/s?__biz=MzI4MTY1NzQ3MQ==&mid=2247484159&idx=1&sn=9d9c043fb33e90343951042dea64a9ce&chksm=eba4abefdcd322f940ade49d72a41f918b608884a650df5cfa3418e0333d5250e6bb00e159ca#rd,1,2021-4-15,0.0,1.0,1.0,0.0,nan,nan,nan,nan,nan,nan,nan,nan
50,《东岳论丛》2021年第2期,http://mp.weixin.qq.com/s?__biz=MzI4MTY1NzQ3MQ==&mid=2247484144&idx=1&sn=01a17e4dec237f7a00baaaa275bfaf9b&chksm=eba4abe0dcd322f62398154c987db0397fdca2b8555c855b5b1b6784e4fae2d5d154ebca8734#rd,1,2021-4-9,0.0,1.0,1.0,0.0,nan,nan,nan,nan,nan,nan,nan,nan
51,《东岳论丛》2021年第1期,http://mp.weixin.qq.com/s?__biz=MzI4MTY1NzQ3MQ==&mid=2247484134&idx=1&sn=c30cec9e51f3315b2da58853cc94055d&chksm=eba4abf6dcd322e078dc7ce6d966ce7b24c0fff21ea8adb5ad14605c7a5685885e935777a4f2#rd,1,2021-4-8,0.0,1.0,1.0,0.0,nan,nan,nan,nan,nan,nan,nan,nan
52,《东岳论丛》2020年1~12期总目录,http://mp.weixin.qq.com/s?__biz=MzI4MTY1NzQ3MQ==&mid=2247484124&idx=1&sn=84a5c93f60a5fd9c026c1bc0b886fbe9&chksm=eba4abccdcd322daca3338583b06b8287a76204be3f0ee619601d1a8d337d865099fd7046688#rd,1,2021-1-27,0.0,1.0,1.0,0.0,nan,nan,nan,nan,nan,nan,nan,nan
53,《东岳论丛》2020年第12期,http://mp.weixin.qq.com/s?__biz=MzI4MTY1NzQ3MQ==&mid=2247484111&idx=1&sn=c0b1031a5999198c94776d8b453f8570&chksm=eba4abdfdcd322c90a35cdcdc117a670eca3a5d0a6d98b64f29fe8deb8740805120ea1029e61#rd,1,2021-1-26,0.0,1.0,1.0,0.0,nan,nan,nan,nan,nan,nan,nan,nan
54,《东岳论丛》2020年第11期,http://mp.weixin.qq.com/s?__biz=MzI4MTY1NzQ3MQ==&mid=2247484101&idx=1&sn=8c92af1fd92d104eaf2c7276062ae794&chksm=eba4abd5dcd322c37a18ce4756a3c1a5fdffe3752eb4b511e3891de1a1c6e9dfb0e4b97bebf0#rd,1,2020-12-1,0.0,1.0,1.0,0.0,nan,nan,nan,nan,nan,nan,nan,nan
55,《东岳论丛》2020年第10期,http://mp.weixin.qq.com/s?__biz=MzI4MTY1NzQ3MQ==&mid=2247484086&idx=1&sn=eb3f4ffe956f41ac0929cffdfad2c13e&chksm=eba4aba6dcd322b057aa58e65d97ff62baa283baf4c26670f1d8117e57afbc41f5da44422787#rd,1,2020-11-30,0.0,1.0,1.0,0.0,nan,nan,nan,nan,nan,nan,nan,nan
56,《东岳论丛》2020年第9期,http://mp.weixin.qq.com/s?__biz=MzI4MTY1NzQ3MQ==&mid=2247484073&idx=1&sn=c97735bf33f43095351a254970738678&chksm=eba4abb9dcd322afdf7d6b7d84cd8c34ecc157711744fceb4465186959020448edfb27fcc49a#rd,1,2020-10-20,0.0,1.0,1.0,0.0,nan,nan,nan,nan,nan,nan,nan,nan
57,《东岳论丛》2020年第8期,http://mp.weixin.qq.com/s?__biz=MzI4MTY1NzQ3MQ==&mid=2247484062&idx=1&sn=3c8f151d9bd36e2e645b2790cdc3d68a&chksm=eba4ab8edcd32298fe74b9a93ae212fb1ba7646a54d0a2ead1583bd9a0fb929403bf6ed25c35#rd,1,2020-8-24,0.0,1.0,1.0,0.0,nan,nan,nan,nan,nan,nan,nan,nan
58,《东岳论丛》2020年第7期,http://mp.weixin.qq.com/s?__biz=MzI4MTY1NzQ3MQ==&mid=2247484052&idx=1&sn=7d3dd2b464ea7c37e3dd61a5da077de9&chksm=eba4ab84dcd32292077cb98cd90f8d251debfb7e07603c9bb1b6f1ec67373afd6294983f8fbb#rd,1,2020-7-14,0.0,1.0,1.0,0.0,nan,nan,nan,nan,nan,nan,nan,nan
59,《东岳论丛》2020年第6期,http://mp.weixin.qq.com/s?__biz=MzI4MTY1NzQ3MQ==&mid=2247484042&idx=1&sn=02181264a49e854cec59f4fb5059ee7f&chksm=eba4ab9adcd3228c114683e642e656fe4039dc44fac018e646a68aa4cf44f37a29054cf499ec#rd,1,2020-7-9,0.0,1.0,1.0,0.0,nan,nan,nan,nan,nan,nan,nan,nan
60,《东岳论丛》2020年第5期,http://mp.weixin.qq.com/s?__biz=MzI4MTY1NzQ3MQ==&mid=2247484032&idx=1&sn=328264217f4f3329873565323fb107dc&chksm=eba4ab90dcd3228654b6dbdd7435daf24809f9fb1e70eb415d24254ba568a7fddaeadef722c9#rd,1,2020-6-30,0.0,1.0,1.0,0.0,nan,nan,nan,nan,nan,nan,nan,nan
61,《东岳论丛》2020年第4期,http://mp.weixin.qq.com/s?__biz=MzI4MTY1NzQ3MQ==&mid=2247484022&idx=1&sn=37f35e63c9b5ad4cf50e05783ab05eb7&chksm=eba4ab66dcd32270eccfc0b78173092c8dcafb1eff6343e7d9ed214eff8d179a73cd0f0e6c13#rd,1,2020-4-29,0.0,1.0,1.0,0.0,nan,nan,nan,nan,nan,nan,nan,nan
62,《东岳论丛》2020年第3期,http://mp.weixin.qq.com/s?__biz=MzI4MTY1NzQ3MQ==&mid=2247484021&idx=1&sn=40516cabce8f8ecfab316ee71bf5dff6&chksm=eba4ab65dcd32273b73a8ba0eb56311efa856adeccbdc44a363ed20a2ffee0c4579cfde1ad2d#rd,1,2020-4-28,0.0,1.0,1.0,0.0,nan,nan,nan,nan,nan,nan,nan,nan
63,《东岳论丛》2020年第2期,http://mp.weixin.qq.com/s?__biz=MzI4MTY1NzQ3MQ==&mid=2247484004&idx=1&sn=ed6442776cb3a189607835a62b43cdbf&chksm=eba4ab74dcd32262ccd74195a24cbb64373e21f33c6770e7d889cbb536e6dad9d96a510259a0#rd,1,2020-3-26,0.0,1.0,1.0,0.0,nan,nan,nan,nan,nan,nan,nan,nan
64,《东岳论丛》2020年第1期,http://mp.weixin.qq.com/s?__biz=MzI4MTY1NzQ3MQ==&mid=2247484003&idx=1&sn=1d1d9dd067aa03ba4724156f3fa8798c&chksm=eba4ab73dcd32265567749cf2ebcfaf2a3362ac658c0d23b0fe664f9fb1fc0aeb405aace75a8#rd,1,2020-2-18,0.0,1.0,1.0,0.0,nan,nan,nan,nan,nan,nan,nan,nan
65,《东岳论丛》2019年1~12期总目录,http://mp.weixin.qq.com/s?__biz=MzI4MTY1NzQ3MQ==&mid=2247483986&idx=1&sn=75e444cf0f9b70d4f45186aa5a8d7bff&chksm=eba4ab42dcd32254edc3725eba143e672418f26fee7a8bfe608f858ca20e7c80f2e9f70526ad#rd,1,2019-12-26,0.0,1.0,1.0,0.0,nan,nan,nan,nan,nan,nan,nan,nan
66,《东岳论丛》2019年第12期,http://mp.weixin.qq.com/s?__biz=MzI4MTY1NzQ3MQ==&mid=2247483966&idx=1&sn=c403f8a63f3b562ce589fe21ee3ec239&chksm=eba4ab2edcd322386fd0132a7b604458cc4c305eebf86419666a697eac1317cde6f134e77b6c#rd,1,2019-12-24,0.0,1.0,1.0,0.0,nan,nan,nan,nan,nan,nan,nan,nan
67,《东岳论丛》2019年第11期,http://mp.weixin.qq.com/s?__biz=MzI4MTY1NzQ3MQ==&mid=2247483949&idx=1&sn=cc41056adc8313c0760ab0ebdcb94e06&chksm=eba4ab3ddcd3222b5bf5d0da9e49fb68cc36738807736f2232993ed42acf7133e6d724ac760a#rd,1,2019-11-27,0.0,1.0,1.0,0.0,nan,nan,nan,nan,nan,nan,nan,nan
68,《东岳论丛》2019年第10期,http://mp.weixin.qq.com/s?__biz=MzI4MTY1NzQ3MQ==&mid=2247483948&idx=1&sn=9707344dcfe566f4656eb5acae6066b0&chksm=eba4ab3cdcd3222a4cf15bc5ce86dd885ae79008bed98c5309c5d02d671361db3f36d27b982e#rd,1,2019-11-26,0.0,1.0,1.0,0.0,nan,nan,nan,nan,nan,nan,nan,nan
69,《东岳论丛》2019年第9期目录,http://mp.weixin.qq.com/s?__biz=MzI4MTY1NzQ3MQ==&mid=2247483931&idx=1&sn=b879b99a4b4cac4b634cefee5854ed6f&chksm=eba4ab0bdcd3221daf8d18a06913da829faa6e71ec742b56f671f3737e1336b7f1c3c9adf0c2#rd,1,2019-11-19,0.0,1.0,1.0,0.0,nan,nan,nan,nan,nan,nan,nan,nan
70,《东岳论丛》2019年第8期目录,http://mp.weixin.qq.com/s?__biz=MzI4MTY1NzQ3MQ==&mid=2247483921&idx=1&sn=4eab894da80d0850926cb3ed629cf770&chksm=eba4ab01dcd322172dd692ff0f4804210accc91ce4b54580dd7ee87444d52a1ed14e34fa5276#rd,1,2019-7-30,0.0,1.0,1.0,0.0,nan,nan,nan,nan,nan,nan,nan,nan
71,《东岳论丛》2019年第7期目录,http://mp.weixin.qq.com/s?__biz=MzI4MTY1NzQ3MQ==&mid=2247483912&idx=1&sn=9646e5551e17ff0d84bc0a778db90abd&chksm=eba4ab18dcd3220e429d2f759895e78254deaab912cc41d6dfcd4c34c739d410c2070d78ce48#rd,1,2019-7-23,0.0,1.0,1.0,0.0,nan,nan,nan,nan,nan,nan,nan,nan
72,《东岳论丛》2019年第6期目录,http://mp.weixin.qq.com/s?__biz=MzI4MTY1NzQ3MQ==&mid=2247483899&idx=1&sn=5a915a30c950b3ea68539c182d1e1156&chksm=eba4a8ebdcd321fd0db0a28b0249d001fd3786c51e5432a86f18d1962de9f4fe34308b79dd87#rd,1,2019-7-22,0.0,1.0,1.0,0.0,nan,nan,nan,nan,nan,nan,nan,nan
73,《东岳论丛》2019年第5期目录,http://mp.weixin.qq.com/s?__biz=MzI4MTY1NzQ3MQ==&mid=2247483890&idx=1&sn=f69201706b54459ee46ec965471a9e99&chksm=eba4a8e2dcd321f46b2cf393f8113a4d5be9fb053ec559a08fa78b671f0dde2aabcb865cdf81#rd,1,2019-6-26,0.0,1.0,1.0,0.0,nan,nan,nan,nan,nan,nan,nan,nan
74,《东岳论丛》2019年第4期目录,http://mp.weixin.qq.com/s?__biz=MzI4MTY1NzQ3MQ==&mid=2247483881&idx=1&sn=ca43cf38f974382a717924f626b4bca2&chksm=eba4a8f9dcd321efa7c332b214554c7fba94f9c02fd741dddea567aec72f4f069a6a5644753e#rd,1,2019-6-25,0.0,1.0,1.0,0.0,nan,nan,nan,nan,nan,nan,nan,nan
75,《东岳论丛》2019年第3期目录,http://mp.weixin.qq.com/s?__biz=MzI4MTY1NzQ3MQ==&mid=2247483872&idx=1&sn=8e5ff02f64859bd6cfb1b62ad132e4b7&chksm=eba4a8f0dcd321e6a7463b4b78fd7607f3748d717367de78c920bc2c9b31404c4ce57ecbb9ee#rd,1,2019-4-3,0.0,1.0,1.0,0.0,nan,nan,nan,nan,nan,nan,nan,nan
76,《东岳论丛》2019年第2期目录,http://mp.weixin.qq.com/s?__biz=MzI4MTY1NzQ3MQ==&mid=2247483871&idx=1&sn=fc4041f4f88e2da0650dbd7f1f6c4603&chksm=eba4a8cfdcd321d9ff2d66c7994188298d410bdb79ac83b1a881fc2ec924a091c8b194b130c5#rd,1,2019-4-2,0.0,1.0,1.0,0.0,nan,nan,nan,nan,nan,nan,nan,nan
77,《东岳论丛》2019年第1期目录,http://mp.weixin.qq.com/s?__biz=MzI4MTY1NzQ3MQ==&mid=2247483870&idx=1&sn=ba7447929f6a49b4d7525f3a6f2bb570&chksm=eba4a8cedcd321d84a9e50a5a6b550df1ad0b743c437b8950d828cf8bbff6f97b911df5ef031#rd,1,2019-3-23,0.0,1.0,1.0,0.0,nan,nan,nan,nan,nan,nan,nan,nan
78,2018年1-12期总目录,http://mp.weixin.qq.com/s?__biz=MzI4MTY1NzQ3MQ==&mid=2247483844&idx=1&sn=a96e8cfcd214bbe7fcb72ad48c159809&chksm=eba4a8d4dcd321c268921a1c10daf46c1a0cc466d789336faa6351a933e00949c30a7b20583e#rd,1,2019-3-22,0.0,1.0,1.0,0.0,nan,nan,nan,nan,nan,nan,nan,nan
79,《东岳论丛》2018年第12期目录,http://mp.weixin.qq.com/s?__biz=MzI4MTY1NzQ3MQ==&mid=2247483832&idx=1&sn=8703a09bd814518d52fd281c47962118&chksm=eba4a8a8dcd321be1ea966a7512dd409807d043cae7425adce21bacda8ac0cb0d6f71b3749d0#rd,1,2019-3-21,0.0,1.0,1.0,0.0,nan,nan,nan,nan,nan,nan,nan,nan
80,《东岳论丛》2018年第11期目录,http://mp.weixin.qq.com/s?__biz=MzI4MTY1NzQ3MQ==&mid=2247483818&idx=1&sn=df6b0bc817889ecdb0c3d87066c32d5f&chksm=eba4a8badcd321acbc463fe1c5be827b18a5953a1c3b3a6d008cac6dc7c69ce3c60744949b37#rd,1,2018-11-30,0.0,1.0,1.0,0.0,nan,nan,nan,nan,nan,nan,nan,nan
81,《东岳论丛》2018年第10期目录,http://mp.weixin.qq.com/s?__biz=MzI4MTY1NzQ3MQ==&mid=2247483817&idx=1&sn=09e491ca3509c1ba4b107ba8d80d3694&chksm=eba4a8b9dcd321afc501ec0972f70626e9f99c8ae16713cc425e6cf3414808daeb63fee9b846#rd,1,2018-11-29,0.0,1.0,1.0,0.0,nan,nan,nan,nan,nan,nan,nan,nan
82,《东岳论丛》2018年第9期目录,http://mp.weixin.qq.com/s?__biz=MzI4MTY1NzQ3MQ==&mid=2247483796&idx=1&sn=effd6c5669c85003e71a83b519e16275&chksm=eba4a884dcd32192e6ac8d4da83194afe4436d58a8a501405eac70ce8b24ad909543242ac36e#rd,1,2018-11-28,0.0,1.0,1.0,0.0,nan,nan,nan,nan,nan,nan,nan,nan
83,《东岳论丛》2018年第8期目录,http://mp.weixin.qq.com/s?__biz=MzI4MTY1NzQ3MQ==&mid=2247483786&idx=1&sn=4cf17fd9bfe1f484d1d5069e372fccf7&chksm=eba4a89adcd3218cccaba5b03015f14bc0343a7f0c3caf4760d9bb587c3038e674e216277148#rd,1,2018-11-27,0.0,1.0,1.0,0.0,nan,nan,nan,nan,nan,nan,nan,nan
84,《东岳论丛》2018年第7期目录,http://mp.weixin.qq.com/s?__biz=MzI4MTY1NzQ3MQ==&mid=2247483774&idx=1&sn=e1d661f10bafbf672f87cbcc153e6853&chksm=eba4a86edcd32178ca8839f0ecc136708f4366ad277f0c65240267bf0215c6ebe26a833a73f0#rd,1,2018-7-12,0.0,1.0,1.0,0.0,nan,nan,nan,nan,nan,nan,nan,nan
85,《东岳论丛》2018年第6期目录,http://mp.weixin.qq.com/s?__biz=MzI4MTY1NzQ3MQ==&mid=2247483766&idx=1&sn=87ed6662ba728c2f8e608cad37cf783b&chksm=eba4a866dcd3217052d81eb817bdec82c5bf67ad5e37a43661168fd436131643be2cc3c6ae8a#rd,1,2018-6-21,0.0,1.0,1.0,0.0,nan,nan,nan,nan,nan,nan,nan,nan
86,《东岳论丛》2018年第5期目录,http://mp.weixin.qq.com/s?__biz=MzI4MTY1NzQ3MQ==&mid=2247483759&idx=1&sn=4410995b7c9aa16ec09c40fac7195957&chksm=eba4a87fdcd3216910cdad303a4276c51a683fd5f96f236179e5e92849d7d13ed2f838c6c145#rd,1,2018-5-23,0.0,1.0,1.0,0.0,nan,nan,nan,nan,nan,nan,nan,nan
87,《东岳论丛》2018年第4期目录,http://mp.weixin.qq.com/s?__biz=MzI4MTY1NzQ3MQ==&mid=2247483752&idx=1&sn=8adac20de5eb729e5e4e7b6e8ec0e50d&chksm=eba4a878dcd3216e9ef06fa997abc259e7e993fcee6467536cae38f787b3bd0ab84996052b80#rd,1,2018-5-3,0.0,1.0,1.0,0.0,nan,nan,nan,nan,nan,nan,nan,nan
88,《东岳论丛》2018年第3期目录,http://mp.weixin.qq.com/s?__biz=MzI4MTY1NzQ3MQ==&mid=2247483745&idx=1&sn=78d4f7d3b3897d3b257980e5e9cf456c&chksm=eba4a871dcd321676fd3e4fea7bf526ce9cb5375a71dcbf77ddea337cb667ff9480ea457c3f4#rd,1,2018-4-26,0.0,1.0,1.0,0.0,nan,nan,nan,nan,nan,nan,nan,nan
89,《东岳论丛》2018年第2期目录,http://mp.weixin.qq.com/s?__biz=MzI4MTY1NzQ3MQ==&mid=2247483738&idx=1&sn=ae255fd18e56a3b588114d1523320986&chksm=eba4a84adcd3215c310cb0b632f78809a5f6984d1262a81e3d25519c8c16183ce3e4dfe47ac1#rd,1,2018-3-5,0.0,1.0,1.0,0.0,nan,nan,nan,nan,nan,nan,nan,nan
90,《东岳论丛》2018年第1期目录,http://mp.weixin.qq.com/s?__biz=MzI4MTY1NzQ3MQ==&mid=2247483730&idx=1&sn=20394005efe6a67ebd52e4326ec6133e&chksm=eba4a842dcd321549cd8c5fd527755bafdd21e703b1166686ca3ef1d73b55f6e8eddf7365b10#rd,1,2018-3-1,0.0,1.0,1.0,0.0,nan,nan,nan,nan,nan,nan,nan,nan
91,《东岳论丛》2017年第10期目录,http://mp.weixin.qq.com/s?__biz=MzI4MTY1NzQ3MQ==&mid=2247483722&idx=1&sn=3755535d3f868fedb2e34a82d1f96cf1&chksm=eba4a85adcd3214cf26fe7099a95daadbf15ba7998572f836e2fe28cb4b738254e3a1357dbbb#rd,1,2017-10-31,0.0,1.0,1.0,0.0,nan,nan,nan,nan,nan,nan,nan,nan
92,第六届全国人文社会科学期刊高层论坛召开,http://mp.weixin.qq.com/s?__biz=MzI4MTY1NzQ3MQ==&mid=2247483721&idx=1&sn=bdf49ba834be4b23548a267d81455950&chksm=eba4a859dcd3214f635277e99af3d711e49e78b2db33684d245d2014f3303cf2aa35e30b2886#rd,1,2017-10-27,0.0,1.0,1.0,0.0,nan,nan,nan,nan,nan,nan,nan,nan
93,《东岳论丛》2017年第9期目录,http://mp.weixin.qq.com/s?__biz=MzI4MTY1NzQ3MQ==&mid=2247483709&idx=1&sn=1f13dc16e2813b1afececa118a4f277c&chksm=eba4a82ddcd3213b9e4c3ddadc75b609fd1cf8cc5db1c91725119629d1cc3b8e1fae59459423#rd,1,2017-10-26,0.0,1.0,1.0,0.0,nan,nan,nan,nan,nan,nan,nan,nan
94,《东岳论丛》2017年第8期目录,http://mp.weixin.qq.com/s?__biz=MzI4MTY1NzQ3MQ==&mid=2247483699&idx=1&sn=d426a460949fefd2e3493321302000a1&chksm=eba4a823dcd32135a44cc7ae6e92adc6904c481658073922da4cf95b41fde5e2c666c7923c9a#rd,1,2017-8-25,0.0,1.0,1.0,0.0,nan,nan,nan,nan,nan,nan,nan,nan
95,《东岳论丛》2017年第7期目录,http://mp.weixin.qq.com/s?__biz=MzI4MTY1NzQ3MQ==&mid=2247483692&idx=1&sn=ce96870d855734dceb1d5803f93c06a8&chksm=eba4a83cdcd3212a6a7233113f208d175c44d0c891d45105e571d8f368adf1eeaa2e617050ba#rd,1,2017-8-24,0.0,1.0,1.0,0.0,nan,nan,nan,nan,nan,nan,nan,nan
96,《东岳论丛》2017年第6期目录,http://mp.weixin.qq.com/s?__biz=MzI4MTY1NzQ3MQ==&mid=2247483685&idx=1&sn=c2c4ca192df66123f72040b604b2fd96&chksm=eba4a835dcd321237210a491eccc8feae780502714e3a0e0f0a9ef9217fa08abc19ee6dfcd11#rd,1,2017-6-23,0.0,1.0,1.0,0.0,nan,nan,nan,nan,nan,nan,nan,nan
97,《东岳论丛》2017年第5期目录,http://mp.weixin.qq.com/s?__biz=MzI4MTY1NzQ3MQ==&mid=2247483677&idx=1&sn=a3aa2deba91af2c9da29e25a56fe05fa&chksm=eba4a80ddcd3211bb2d6ce67794702cdc682cae3ef5dba7506de5b6259bbce09776d624a8d0a#rd,1,2017-6-6,0.0,1.0,1.0,0.0,nan,nan,nan,nan,nan,nan,nan,nan
98,《东岳论丛》2017年第5期目录,http://mp.weixin.qq.com/s?__biz=MzI4MTY1NzQ3MQ==&mid=2247483676&idx=1&sn=5286bd1895c0da8e128a567b96f9112e&chksm=eba4a80cdcd3211a17190721e1f96362611d1ea8d70c5eaf8a3957ce8afe701cb1053325e4e8#rd,1,2017-5-25,0.0,1.0,1.0,0.0,nan,nan,nan,nan,nan,nan,nan,nan
99,《东岳论丛》2017年第4期目录,http://mp.weixin.qq.com/s?__biz=MzI4MTY1NzQ3MQ==&mid=2247483664&idx=1&sn=5f1fa25a32984e7964dc118d0878027c&chksm=eba4a800dcd32116db1472511afe25e23c86c943b3246e655cc9fd8d72603329e6277db9e0cd#rd,1,2017-4-13,0.0,1.0,1.0,0.0,nan,nan,nan,nan,nan,nan,nan,nan
